year,video_count,keyword,source,video_count_lg1,ch_category,time
2007,0.0,_아이폰,t,,가전제품,2007-01-01
2008,0.0,_아이폰,t,0.0,가전제품,2008-01-01
2009,0.0,_아이폰,t,0.0,가전제품,2009-01-01
2010,0.0,_아이폰,t,0.0,가전제품,2010-01-01
2011,1.0,_아이폰,t,0.0,가전제품,2011-01-01
2012,0.0,_아이폰,t,1.0,가전제품,2012-01-01
2013,0.0,_아이폰,t,0.0,가전제품,2013-01-01
2014,0.0,_아이폰,t,0.0,가전제품,2014-01-01
2015,0.0,_아이폰,t,0.0,가전제품,2015-01-01
2016,0.0,_아이폰,t,0.0,가전제품,2016-01-01
2017,9.0,_아이폰,t,0.0,가전제품,2017-01-01
2018,65.0,_아이폰,t,9.0,가전제품,2018-01-01
2019,69.0,_아이폰,t,65.0,가전제품,2019-01-01
2020,62.0,_아이폰,t,69.0,가전제품,2020-01-01
2021,11.0,_아이폰,t,62.0,가전제품,2021-01-01
2007,0.0,_갤럭시,t,,가전제품,2007-01-01
2008,0.0,_갤럭시,t,0.0,가전제품,2008-01-01
2009,0.0,_갤럭시,t,0.0,가전제품,2009-01-01
2010,0.0,_갤럭시,t,0.0,가전제품,2010-01-01
2011,2.0,_갤럭시,t,0.0,가전제품,2011-01-01
2012,0.0,_갤럭시,t,2.0,가전제품,2012-01-01
2013,1.0,_갤럭시,t,0.0,가전제품,2013-01-01
2014,0.0,_갤럭시,t,1.0,가전제품,2014-01-01
2015,0.0,_갤럭시,t,0.0,가전제품,2015-01-01
2016,0.0,_갤럭시,t,0.0,가전제품,2016-01-01
2017,4.0,_갤럭시,t,0.0,가전제품,2017-01-01
2018,39.0,_갤럭시,t,4.0,가전제품,2018-01-01
2019,87.0,_갤럭시,t,39.0,가전제품,2019-01-01
2020,106.0,_갤럭시,t,87.0,가전제품,2020-01-01
2021,22.0,_갤럭시,t,106.0,가전제품,2021-01-01
2007,0.0,_컴퓨터,t,,가전제품,2007-01-01
2008,0.0,_컴퓨터,t,0.0,가전제품,2008-01-01
2009,0.0,_컴퓨터,t,0.0,가전제품,2009-01-01
2010,0.0,_컴퓨터,t,0.0,가전제품,2010-01-01
2011,0.0,_컴퓨터,t,0.0,가전제품,2011-01-01
2012,0.0,_컴퓨터,t,0.0,가전제품,2012-01-01
2013,0.0,_컴퓨터,t,0.0,가전제품,2013-01-01
2014,0.0,_컴퓨터,t,0.0,가전제품,2014-01-01
2015,0.0,_컴퓨터,t,0.0,가전제품,2015-01-01
2016,0.0,_컴퓨터,t,0.0,가전제품,2016-01-01
2017,0.0,_컴퓨터,t,0.0,가전제품,2017-01-01
2018,7.0,_컴퓨터,t,0.0,가전제품,2018-01-01
2019,40.0,_컴퓨터,t,7.0,가전제품,2019-01-01
2020,105.0,_컴퓨터,t,40.0,가전제품,2020-01-01
2021,27.0,_컴퓨터,t,105.0,가전제품,2021-01-01
2007,0.0,_쿠쿠,t,,가전제품,2007-01-01
2008,0.0,_쿠쿠,t,0.0,가전제품,2008-01-01
2009,0.0,_쿠쿠,t,0.0,가전제품,2009-01-01
2010,0.0,_쿠쿠,t,0.0,가전제품,2010-01-01
2011,0.0,_쿠쿠,t,0.0,가전제품,2011-01-01
2012,0.0,_쿠쿠,t,0.0,가전제품,2012-01-01
2013,0.0,_쿠쿠,t,0.0,가전제품,2013-01-01
2014,0.0,_쿠쿠,t,0.0,가전제품,2014-01-01
2015,0.0,_쿠쿠,t,0.0,가전제품,2015-01-01
2016,0.0,_쿠쿠,t,0.0,가전제품,2016-01-01
2017,0.0,_쿠쿠,t,0.0,가전제품,2017-01-01
2018,10.0,_쿠쿠,t,0.0,가전제품,2018-01-01
2019,42.0,_쿠쿠,t,10.0,가전제품,2019-01-01
2020,154.0,_쿠쿠,t,42.0,가전제품,2020-01-01
2021,8.0,_쿠쿠,t,154.0,가전제품,2021-01-01
2007,0.0,_공기청정기,t,,가전제품,2007-01-01
2008,0.0,_공기청정기,t,0.0,가전제품,2008-01-01
2009,0.0,_공기청정기,t,0.0,가전제품,2009-01-01
2010,0.0,_공기청정기,t,0.0,가전제품,2010-01-01
2011,0.0,_공기청정기,t,0.0,가전제품,2011-01-01
2012,0.0,_공기청정기,t,0.0,가전제품,2012-01-01
2013,0.0,_공기청정기,t,0.0,가전제품,2013-01-01
2014,1.0,_공기청정기,t,0.0,가전제품,2014-01-01
2015,0.0,_공기청정기,t,1.0,가전제품,2015-01-01
2016,1.0,_공기청정기,t,0.0,가전제품,2016-01-01
2017,2.0,_공기청정기,t,1.0,가전제품,2017-01-01
2018,17.0,_공기청정기,t,2.0,가전제품,2018-01-01
2019,45.0,_공기청정기,t,17.0,가전제품,2019-01-01
2020,74.0,_공기청정기,t,45.0,가전제품,2020-01-01
2021,13.0,_공기청정기,t,74.0,가전제품,2021-01-01
2007,0.0,_에어컨,t,,가전제품,2007-01-01
2008,0.0,_에어컨,t,0.0,가전제품,2008-01-01
2009,0.0,_에어컨,t,0.0,가전제품,2009-01-01
2010,0.0,_에어컨,t,0.0,가전제품,2010-01-01
2011,0.0,_에어컨,t,0.0,가전제품,2011-01-01
2012,0.0,_에어컨,t,0.0,가전제품,2012-01-01
2013,0.0,_에어컨,t,0.0,가전제품,2013-01-01
2014,0.0,_에어컨,t,0.0,가전제품,2014-01-01
2015,0.0,_에어컨,t,0.0,가전제품,2015-01-01
2016,6.0,_에어컨,t,0.0,가전제품,2016-01-01
2017,5.0,_에어컨,t,6.0,가전제품,2017-01-01
2018,18.0,_에어컨,t,5.0,가전제품,2018-01-01
2019,54.0,_에어컨,t,18.0,가전제품,2019-01-01
2020,78.0,_에어컨,t,54.0,가전제품,2020-01-01
2021,6.0,_에어컨,t,78.0,가전제품,2021-01-01
2007,0.0,_드론,t,,가전제품,2007-01-01
2008,0.0,_드론,t,0.0,가전제품,2008-01-01
2009,0.0,_드론,t,0.0,가전제품,2009-01-01
2010,0.0,_드론,t,0.0,가전제품,2010-01-01
2011,0.0,_드론,t,0.0,가전제품,2011-01-01
2012,0.0,_드론,t,0.0,가전제품,2012-01-01
2013,0.0,_드론,t,0.0,가전제품,2013-01-01
2014,0.0,_드론,t,0.0,가전제품,2014-01-01
2015,0.0,_드론,t,0.0,가전제품,2015-01-01
2016,0.0,_드론,t,0.0,가전제품,2016-01-01
2017,64.0,_드론,t,0.0,가전제품,2017-01-01
2018,47.0,_드론,t,64.0,가전제품,2018-01-01
2019,3.0,_드론,t,47.0,가전제품,2019-01-01
2020,3.0,_드론,t,3.0,가전제품,2020-01-01
2021,0.0,_드론,t,3.0,가전제품,2021-01-01
2007,0.0,_세탁기,t,,가전제품,2007-01-01
2008,0.0,_세탁기,t,0.0,가전제품,2008-01-01
2009,0.0,_세탁기,t,0.0,가전제품,2009-01-01
2010,0.0,_세탁기,t,0.0,가전제품,2010-01-01
2011,0.0,_세탁기,t,0.0,가전제품,2011-01-01
2012,0.0,_세탁기,t,0.0,가전제품,2012-01-01
2013,1.0,_세탁기,t,0.0,가전제품,2013-01-01
2014,0.0,_세탁기,t,1.0,가전제품,2014-01-01
2015,0.0,_세탁기,t,0.0,가전제품,2015-01-01
2016,0.0,_세탁기,t,0.0,가전제품,2016-01-01
2017,1.0,_세탁기,t,0.0,가전제품,2017-01-01
2018,73.0,_세탁기,t,1.0,가전제품,2018-01-01
2019,58.0,_세탁기,t,73.0,가전제품,2019-01-01
2020,31.0,_세탁기,t,58.0,가전제품,2020-01-01
2021,5.0,_세탁기,t,31.0,가전제품,2021-01-01
2007,0.0,_건조기,t,,가전제품,2007-01-01
2008,0.0,_건조기,t,0.0,가전제품,2008-01-01
2009,0.0,_건조기,t,0.0,가전제품,2009-01-01
2010,0.0,_건조기,t,0.0,가전제품,2010-01-01
2011,0.0,_건조기,t,0.0,가전제품,2011-01-01
2012,0.0,_건조기,t,0.0,가전제품,2012-01-01
2013,0.0,_건조기,t,0.0,가전제품,2013-01-01
2014,1.0,_건조기,t,0.0,가전제품,2014-01-01
2015,3.0,_건조기,t,1.0,가전제품,2015-01-01
2016,0.0,_건조기,t,3.0,가전제품,2016-01-01
2017,2.0,_건조기,t,0.0,가전제품,2017-01-01
2018,22.0,_건조기,t,2.0,가전제품,2018-01-01
2019,56.0,_건조기,t,22.0,가전제품,2019-01-01
2020,49.0,_건조기,t,56.0,가전제품,2020-01-01
2021,6.0,_건조기,t,49.0,가전제품,2021-01-01
2007,0.0,_정수기,t,,가전제품,2007-01-01
2008,0.0,_정수기,t,0.0,가전제품,2008-01-01
2009,0.0,_정수기,t,0.0,가전제품,2009-01-01
2010,0.0,_정수기,t,0.0,가전제품,2010-01-01
2011,0.0,_정수기,t,0.0,가전제품,2011-01-01
2012,0.0,_정수기,t,0.0,가전제품,2012-01-01
2013,0.0,_정수기,t,0.0,가전제품,2013-01-01
2014,5.0,_정수기,t,0.0,가전제품,2014-01-01
2015,2.0,_정수기,t,5.0,가전제품,2015-01-01
2016,2.0,_정수기,t,2.0,가전제품,2016-01-01
2017,1.0,_정수기,t,2.0,가전제품,2017-01-01
2018,13.0,_정수기,t,1.0,가전제품,2018-01-01
2019,32.0,_정수기,t,13.0,가전제품,2019-01-01
2020,60.0,_정수기,t,32.0,가전제품,2020-01-01
2021,9.0,_정수기,t,60.0,가전제품,2021-01-01
2007,0.0,_애플,t,,가전제품,2007-01-01
2008,0.0,_애플,t,0.0,가전제품,2008-01-01
2009,0.0,_애플,t,0.0,가전제품,2009-01-01
2010,0.0,_애플,t,0.0,가전제품,2010-01-01
2011,0.0,_애플,t,0.0,가전제품,2011-01-01
2012,0.0,_애플,t,0.0,가전제품,2012-01-01
2013,0.0,_애플,t,0.0,가전제품,2013-01-01
2014,0.0,_애플,t,0.0,가전제품,2014-01-01
2015,0.0,_애플,t,0.0,가전제품,2015-01-01
2016,1.0,_애플,t,0.0,가전제품,2016-01-01
2017,2.0,_애플,t,1.0,가전제품,2017-01-01
2018,24.0,_애플,t,2.0,가전제품,2018-01-01
2019,32.0,_애플,t,24.0,가전제품,2019-01-01
2020,38.0,_애플,t,32.0,가전제품,2020-01-01
2021,9.0,_애플,t,38.0,가전제품,2021-01-01
2007,0.0,_이어폰,t,,가전제품,2007-01-01
2008,0.0,_이어폰,t,0.0,가전제품,2008-01-01
2009,0.0,_이어폰,t,0.0,가전제품,2009-01-01
2010,0.0,_이어폰,t,0.0,가전제품,2010-01-01
2011,0.0,_이어폰,t,0.0,가전제품,2011-01-01
2012,0.0,_이어폰,t,0.0,가전제품,2012-01-01
2013,0.0,_이어폰,t,0.0,가전제품,2013-01-01
2014,0.0,_이어폰,t,0.0,가전제품,2014-01-01
2015,0.0,_이어폰,t,0.0,가전제품,2015-01-01
2016,0.0,_이어폰,t,0.0,가전제품,2016-01-01
2017,1.0,_이어폰,t,0.0,가전제품,2017-01-01
2018,5.0,_이어폰,t,1.0,가전제품,2018-01-01
2019,38.0,_이어폰,t,5.0,가전제품,2019-01-01
2020,40.0,_이어폰,t,38.0,가전제품,2020-01-01
2021,17.0,_이어폰,t,40.0,가전제품,2021-01-01
2007,0.0,_냉장고,t,,가전제품,2007-01-01
2008,0.0,_냉장고,t,0.0,가전제품,2008-01-01
2009,0.0,_냉장고,t,0.0,가전제품,2009-01-01
2010,0.0,_냉장고,t,0.0,가전제품,2010-01-01
2011,0.0,_냉장고,t,0.0,가전제품,2011-01-01
2012,0.0,_냉장고,t,0.0,가전제품,2012-01-01
2013,0.0,_냉장고,t,0.0,가전제품,2013-01-01
2014,2.0,_냉장고,t,0.0,가전제품,2014-01-01
2015,2.0,_냉장고,t,2.0,가전제품,2015-01-01
2016,1.0,_냉장고,t,2.0,가전제품,2016-01-01
2017,32.0,_냉장고,t,1.0,가전제품,2017-01-01
2018,15.0,_냉장고,t,32.0,가전제품,2018-01-01
2019,32.0,_냉장고,t,15.0,가전제품,2019-01-01
2020,37.0,_냉장고,t,32.0,가전제품,2020-01-01
2021,7.0,_냉장고,t,37.0,가전제품,2021-01-01
2007,0.0,_렌탈,t,,가전제품,2007-01-01
2008,0.0,_렌탈,t,0.0,가전제품,2008-01-01
2009,0.0,_렌탈,t,0.0,가전제품,2009-01-01
2010,0.0,_렌탈,t,0.0,가전제품,2010-01-01
2011,0.0,_렌탈,t,0.0,가전제품,2011-01-01
2012,0.0,_렌탈,t,0.0,가전제품,2012-01-01
2013,0.0,_렌탈,t,0.0,가전제품,2013-01-01
2014,0.0,_렌탈,t,0.0,가전제품,2014-01-01
2015,0.0,_렌탈,t,0.0,가전제품,2015-01-01
2016,0.0,_렌탈,t,0.0,가전제품,2016-01-01
2017,0.0,_렌탈,t,0.0,가전제품,2017-01-01
2018,0.0,_렌탈,t,0.0,가전제품,2018-01-01
2019,18.0,_렌탈,t,0.0,가전제품,2019-01-01
2020,46.0,_렌탈,t,18.0,가전제품,2020-01-01
2021,5.0,_렌탈,t,46.0,가전제품,2021-01-01
2007,0.0,_노트북,t,,가전제품,2007-01-01
2008,0.0,_노트북,t,0.0,가전제품,2008-01-01
2009,0.0,_노트북,t,0.0,가전제품,2009-01-01
2010,0.0,_노트북,t,0.0,가전제품,2010-01-01
2011,0.0,_노트북,t,0.0,가전제품,2011-01-01
2012,0.0,_노트북,t,0.0,가전제품,2012-01-01
2013,0.0,_노트북,t,0.0,가전제품,2013-01-01
2014,0.0,_노트북,t,0.0,가전제품,2014-01-01
2015,0.0,_노트북,t,0.0,가전제품,2015-01-01
2016,0.0,_노트북,t,0.0,가전제품,2016-01-01
2017,0.0,_노트북,t,0.0,가전제품,2017-01-01
2018,8.0,_노트북,t,0.0,가전제품,2018-01-01
2019,20.0,_노트북,t,8.0,가전제품,2019-01-01
2020,34.0,_노트북,t,20.0,가전제품,2020-01-01
2021,11.0,_노트북,t,34.0,가전제품,2021-01-01
2007,0.0,_스피커,t,,가전제품,2007-01-01
2008,0.0,_스피커,t,0.0,가전제품,2008-01-01
2009,0.0,_스피커,t,0.0,가전제품,2009-01-01
2010,0.0,_스피커,t,0.0,가전제품,2010-01-01
2011,0.0,_스피커,t,0.0,가전제품,2011-01-01
2012,0.0,_스피커,t,0.0,가전제품,2012-01-01
2013,0.0,_스피커,t,0.0,가전제품,2013-01-01
2014,0.0,_스피커,t,0.0,가전제품,2014-01-01
2015,0.0,_스피커,t,0.0,가전제품,2015-01-01
2016,1.0,_스피커,t,0.0,가전제품,2016-01-01
2017,0.0,_스피커,t,1.0,가전제품,2017-01-01
2018,10.0,_스피커,t,0.0,가전제품,2018-01-01
2019,22.0,_스피커,t,10.0,가전제품,2019-01-01
2020,22.0,_스피커,t,22.0,가전제품,2020-01-01
2021,7.0,_스피커,t,22.0,가전제품,2021-01-01
2007,0.0,_식기세척기,t,,가전제품,2007-01-01
2008,0.0,_식기세척기,t,0.0,가전제품,2008-01-01
2009,0.0,_식기세척기,t,0.0,가전제품,2009-01-01
2010,0.0,_식기세척기,t,0.0,가전제품,2010-01-01
2011,0.0,_식기세척기,t,0.0,가전제품,2011-01-01
2012,0.0,_식기세척기,t,0.0,가전제품,2012-01-01
2013,0.0,_식기세척기,t,0.0,가전제품,2013-01-01
2014,0.0,_식기세척기,t,0.0,가전제품,2014-01-01
2015,0.0,_식기세척기,t,0.0,가전제품,2015-01-01
2016,1.0,_식기세척기,t,0.0,가전제품,2016-01-01
2017,4.0,_식기세척기,t,1.0,가전제품,2017-01-01
2018,2.0,_식기세척기,t,4.0,가전제품,2018-01-01
2019,18.0,_식기세척기,t,2.0,가전제품,2019-01-01
2020,33.0,_식기세척기,t,18.0,가전제품,2020-01-01
2021,5.0,_식기세척기,t,33.0,가전제품,2021-01-01
2007,0.0,_스타일러,t,,가전제품,2007-01-01
2008,0.0,_스타일러,t,0.0,가전제품,2008-01-01
2009,0.0,_스타일러,t,0.0,가전제품,2009-01-01
2010,0.0,_스타일러,t,0.0,가전제품,2010-01-01
2011,0.0,_스타일러,t,0.0,가전제품,2011-01-01
2012,0.0,_스타일러,t,0.0,가전제품,2012-01-01
2013,0.0,_스타일러,t,0.0,가전제품,2013-01-01
2014,0.0,_스타일러,t,0.0,가전제품,2014-01-01
2015,0.0,_스타일러,t,0.0,가전제품,2015-01-01
2016,4.0,_스타일러,t,0.0,가전제품,2016-01-01
2017,0.0,_스타일러,t,4.0,가전제품,2017-01-01
2018,8.0,_스타일러,t,0.0,가전제품,2018-01-01
2019,16.0,_스타일러,t,8.0,가전제품,2019-01-01
2020,19.0,_스타일러,t,16.0,가전제품,2020-01-01
2021,0.0,_스타일러,t,19.0,가전제품,2021-01-01
2007,0.0,_모니터,t,,가전제품,2007-01-01
2008,0.0,_모니터,t,0.0,가전제품,2008-01-01
2009,0.0,_모니터,t,0.0,가전제품,2009-01-01
2010,0.0,_모니터,t,0.0,가전제품,2010-01-01
2011,0.0,_모니터,t,0.0,가전제품,2011-01-01
2012,0.0,_모니터,t,0.0,가전제품,2012-01-01
2013,0.0,_모니터,t,0.0,가전제품,2013-01-01
2014,0.0,_모니터,t,0.0,가전제품,2014-01-01
2015,0.0,_모니터,t,0.0,가전제품,2015-01-01
2016,0.0,_모니터,t,0.0,가전제품,2016-01-01
2017,0.0,_모니터,t,0.0,가전제품,2017-01-01
2018,6.0,_모니터,t,0.0,가전제품,2018-01-01
2019,15.0,_모니터,t,6.0,가전제품,2019-01-01
2020,26.0,_모니터,t,15.0,가전제품,2020-01-01
2021,2.0,_모니터,t,26.0,가전제품,2021-01-01
2007,0.0,_운동,t,,건강,2007-01-01
2008,0.0,_운동,t,0.0,건강,2008-01-01
2009,0.0,_운동,t,0.0,건강,2009-01-01
2010,0.0,_운동,t,0.0,건강,2010-01-01
2011,0.0,_운동,t,0.0,건강,2011-01-01
2012,0.0,_운동,t,0.0,건강,2012-01-01
2013,0.0,_운동,t,0.0,건강,2013-01-01
2014,22.0,_운동,t,0.0,건강,2014-01-01
2015,89.0,_운동,t,22.0,건강,2015-01-01
2016,104.0,_운동,t,89.0,건강,2016-01-01
2017,55.0,_운동,t,104.0,건강,2017-01-01
2018,143.0,_운동,t,55.0,건강,2018-01-01
2019,260.0,_운동,t,143.0,건강,2019-01-01
2020,603.0,_운동,t,260.0,건강,2020-01-01
2021,119.0,_운동,t,603.0,건강,2021-01-01
2007,0.0,_효능,t,,건강,2007-01-01
2008,0.0,_효능,t,0.0,건강,2008-01-01
2009,0.0,_효능,t,0.0,건강,2009-01-01
2010,0.0,_효능,t,0.0,건강,2010-01-01
2011,0.0,_효능,t,0.0,건강,2011-01-01
2012,0.0,_효능,t,0.0,건강,2012-01-01
2013,0.0,_효능,t,0.0,건강,2013-01-01
2014,0.0,_효능,t,0.0,건강,2014-01-01
2015,2.0,_효능,t,0.0,건강,2015-01-01
2016,5.0,_효능,t,2.0,건강,2016-01-01
2017,19.0,_효능,t,5.0,건강,2017-01-01
2018,176.0,_효능,t,19.0,건강,2018-01-01
2019,328.0,_효능,t,176.0,건강,2019-01-01
2020,487.0,_효능,t,328.0,건강,2020-01-01
2021,63.0,_효능,t,487.0,건강,2021-01-01
2007,0.0,_치료,t,,건강,2007-01-01
2008,0.0,_치료,t,0.0,건강,2008-01-01
2009,0.0,_치료,t,0.0,건강,2009-01-01
2010,0.0,_치료,t,0.0,건강,2010-01-01
2011,0.0,_치료,t,0.0,건강,2011-01-01
2012,0.0,_치료,t,0.0,건강,2012-01-01
2013,14.0,_치료,t,0.0,건강,2013-01-01
2014,17.0,_치료,t,14.0,건강,2014-01-01
2015,8.0,_치료,t,17.0,건강,2015-01-01
2016,31.0,_치료,t,8.0,건강,2016-01-01
2017,38.0,_치료,t,31.0,건강,2017-01-01
2018,126.0,_치료,t,38.0,건강,2018-01-01
2019,395.0,_치료,t,126.0,건강,2019-01-01
2020,492.0,_치료,t,395.0,건강,2020-01-01
2021,122.0,_치료,t,492.0,건강,2021-01-01
2007,0.0,_비타민,t,,건강,2007-01-01
2008,0.0,_비타민,t,0.0,건강,2008-01-01
2009,0.0,_비타민,t,0.0,건강,2009-01-01
2010,0.0,_비타민,t,0.0,건강,2010-01-01
2011,0.0,_비타민,t,0.0,건강,2011-01-01
2012,0.0,_비타민,t,0.0,건강,2012-01-01
2013,0.0,_비타민,t,0.0,건강,2013-01-01
2014,0.0,_비타민,t,0.0,건강,2014-01-01
2015,0.0,_비타민,t,0.0,건강,2015-01-01
2016,7.0,_비타민,t,0.0,건강,2016-01-01
2017,9.0,_비타민,t,7.0,건강,2017-01-01
2018,19.0,_비타민,t,9.0,건강,2018-01-01
2019,201.0,_비타민,t,19.0,건강,2019-01-01
2020,337.0,_비타민,t,201.0,건강,2020-01-01
2021,56.0,_비타민,t,337.0,건강,2021-01-01
2007,0.0,_다이어트,t,,건강,2007-01-01
2008,0.0,_다이어트,t,0.0,건강,2008-01-01
2009,0.0,_다이어트,t,0.0,건강,2009-01-01
2010,0.0,_다이어트,t,0.0,건강,2010-01-01
2011,0.0,_다이어트,t,0.0,건강,2011-01-01
2012,0.0,_다이어트,t,0.0,건강,2012-01-01
2013,0.0,_다이어트,t,0.0,건강,2013-01-01
2014,3.0,_다이어트,t,0.0,건강,2014-01-01
2015,125.0,_다이어트,t,3.0,건강,2015-01-01
2016,97.0,_다이어트,t,125.0,건강,2016-01-01
2017,25.0,_다이어트,t,97.0,건강,2017-01-01
2018,99.0,_다이어트,t,25.0,건강,2018-01-01
2019,130.0,_다이어트,t,99.0,건강,2019-01-01
2020,138.0,_다이어트,t,130.0,건강,2020-01-01
2021,29.0,_다이어트,t,138.0,건강,2021-01-01
2007,0.0,_병원,t,,건강,2007-01-01
2008,0.0,_병원,t,0.0,건강,2008-01-01
2009,0.0,_병원,t,0.0,건강,2009-01-01
2010,0.0,_병원,t,0.0,건강,2010-01-01
2011,0.0,_병원,t,0.0,건강,2011-01-01
2012,0.0,_병원,t,0.0,건강,2012-01-01
2013,0.0,_병원,t,0.0,건강,2013-01-01
2014,7.0,_병원,t,0.0,건강,2014-01-01
2015,3.0,_병원,t,7.0,건강,2015-01-01
2016,6.0,_병원,t,3.0,건강,2016-01-01
2017,10.0,_병원,t,6.0,건강,2017-01-01
2018,38.0,_병원,t,10.0,건강,2018-01-01
2019,162.0,_병원,t,38.0,건강,2019-01-01
2020,311.0,_병원,t,162.0,건강,2020-01-01
2021,109.0,_병원,t,311.0,건강,2021-01-01
2007,0.0,_음식,t,,건강,2007-01-01
2008,0.0,_음식,t,0.0,건강,2008-01-01
2009,0.0,_음식,t,0.0,건강,2009-01-01
2010,0.0,_음식,t,0.0,건강,2010-01-01
2011,0.0,_음식,t,0.0,건강,2011-01-01
2012,0.0,_음식,t,0.0,건강,2012-01-01
2013,0.0,_음식,t,0.0,건강,2013-01-01
2014,0.0,_음식,t,0.0,건강,2014-01-01
2015,6.0,_음식,t,0.0,건강,2015-01-01
2016,9.0,_음식,t,6.0,건강,2016-01-01
2017,15.0,_음식,t,9.0,건강,2017-01-01
2018,65.0,_음식,t,15.0,건강,2018-01-01
2019,114.0,_음식,t,65.0,건강,2019-01-01
2020,253.0,_음식,t,114.0,건강,2020-01-01
2021,67.0,_음식,t,253.0,건강,2021-01-01
2007,0.0,_당뇨,t,,건강,2007-01-01
2008,0.0,_당뇨,t,0.0,건강,2008-01-01
2009,0.0,_당뇨,t,0.0,건강,2009-01-01
2010,0.0,_당뇨,t,0.0,건강,2010-01-01
2011,0.0,_당뇨,t,0.0,건강,2011-01-01
2012,0.0,_당뇨,t,0.0,건강,2012-01-01
2013,2.0,_당뇨,t,0.0,건강,2013-01-01
2014,2.0,_당뇨,t,2.0,건강,2014-01-01
2015,3.0,_당뇨,t,2.0,건강,2015-01-01
2016,3.0,_당뇨,t,3.0,건강,2016-01-01
2017,8.0,_당뇨,t,3.0,건강,2017-01-01
2018,44.0,_당뇨,t,8.0,건강,2018-01-01
2019,109.0,_당뇨,t,44.0,건강,2019-01-01
2020,341.0,_당뇨,t,109.0,건강,2020-01-01
2021,91.0,_당뇨,t,341.0,건강,2021-01-01
2007,0.0,_예방,t,,건강,2007-01-01
2008,0.0,_예방,t,0.0,건강,2008-01-01
2009,0.0,_예방,t,0.0,건강,2009-01-01
2010,0.0,_예방,t,0.0,건강,2010-01-01
2011,0.0,_예방,t,0.0,건강,2011-01-01
2012,0.0,_예방,t,0.0,건강,2012-01-01
2013,2.0,_예방,t,0.0,건강,2013-01-01
2014,4.0,_예방,t,2.0,건강,2014-01-01
2015,9.0,_예방,t,4.0,건강,2015-01-01
2016,10.0,_예방,t,9.0,건강,2016-01-01
2017,7.0,_예방,t,10.0,건강,2017-01-01
2018,48.0,_예방,t,7.0,건강,2018-01-01
2019,186.0,_예방,t,48.0,건강,2019-01-01
2020,278.0,_예방,t,186.0,건강,2020-01-01
2021,58.0,_예방,t,278.0,건강,2021-01-01
2007,0.0,_웃음,t,,건강,2007-01-01
2008,0.0,_웃음,t,0.0,건강,2008-01-01
2009,0.0,_웃음,t,0.0,건강,2009-01-01
2010,0.0,_웃음,t,0.0,건강,2010-01-01
2011,0.0,_웃음,t,0.0,건강,2011-01-01
2012,0.0,_웃음,t,0.0,건강,2012-01-01
2013,0.0,_웃음,t,0.0,건강,2013-01-01
2014,0.0,_웃음,t,0.0,건강,2014-01-01
2015,1.0,_웃음,t,0.0,건강,2015-01-01
2016,22.0,_웃음,t,1.0,건강,2016-01-01
2017,9.0,_웃음,t,22.0,건강,2017-01-01
2018,89.0,_웃음,t,9.0,건강,2018-01-01
2019,142.0,_웃음,t,89.0,건강,2019-01-01
2020,137.0,_웃음,t,142.0,건강,2020-01-01
2021,23.0,_웃음,t,137.0,건강,2021-01-01
2007,0.0,_부작용,t,,건강,2007-01-01
2008,0.0,_부작용,t,0.0,건강,2008-01-01
2009,0.0,_부작용,t,0.0,건강,2009-01-01
2010,0.0,_부작용,t,0.0,건강,2010-01-01
2011,0.0,_부작용,t,0.0,건강,2011-01-01
2012,0.0,_부작용,t,0.0,건강,2012-01-01
2013,0.0,_부작용,t,0.0,건강,2013-01-01
2014,2.0,_부작용,t,0.0,건강,2014-01-01
2015,2.0,_부작용,t,2.0,건강,2015-01-01
2016,3.0,_부작용,t,2.0,건강,2016-01-01
2017,1.0,_부작용,t,3.0,건강,2017-01-01
2018,57.0,_부작용,t,1.0,건강,2018-01-01
2019,163.0,_부작용,t,57.0,건강,2019-01-01
2020,141.0,_부작용,t,163.0,건강,2020-01-01
2021,49.0,_부작용,t,141.0,건강,2021-01-01
2007,0.0,_수술,t,,건강,2007-01-01
2008,0.0,_수술,t,0.0,건강,2008-01-01
2009,0.0,_수술,t,0.0,건강,2009-01-01
2010,0.0,_수술,t,0.0,건강,2010-01-01
2011,0.0,_수술,t,0.0,건강,2011-01-01
2012,1.0,_수술,t,0.0,건강,2012-01-01
2013,7.0,_수술,t,1.0,건강,2013-01-01
2014,13.0,_수술,t,7.0,건강,2014-01-01
2015,3.0,_수술,t,13.0,건강,2015-01-01
2016,4.0,_수술,t,3.0,건강,2016-01-01
2017,2.0,_수술,t,4.0,건강,2017-01-01
2018,58.0,_수술,t,2.0,건강,2018-01-01
2019,105.0,_수술,t,58.0,건강,2019-01-01
2020,121.0,_수술,t,105.0,건강,2020-01-01
2021,48.0,_수술,t,121.0,건강,2021-01-01
2007,0.0,_힐링,t,,건강,2007-01-01
2008,0.0,_힐링,t,0.0,건강,2008-01-01
2009,0.0,_힐링,t,0.0,건강,2009-01-01
2010,0.0,_힐링,t,0.0,건강,2010-01-01
2011,0.0,_힐링,t,0.0,건강,2011-01-01
2012,0.0,_힐링,t,0.0,건강,2012-01-01
2013,0.0,_힐링,t,0.0,건강,2013-01-01
2014,0.0,_힐링,t,0.0,건강,2014-01-01
2015,0.0,_힐링,t,0.0,건강,2015-01-01
2016,3.0,_힐링,t,0.0,건강,2016-01-01
2017,9.0,_힐링,t,3.0,건강,2017-01-01
2018,20.0,_힐링,t,9.0,건강,2018-01-01
2019,126.0,_힐링,t,20.0,건강,2019-01-01
2020,164.0,_힐링,t,126.0,건강,2020-01-01
2021,74.0,_힐링,t,164.0,건강,2021-01-01
2007,0.0,_통증,t,,건강,2007-01-01
2008,0.0,_통증,t,0.0,건강,2008-01-01
2009,0.0,_통증,t,0.0,건강,2009-01-01
2010,0.0,_통증,t,0.0,건강,2010-01-01
2011,1.0,_통증,t,0.0,건강,2011-01-01
2012,0.0,_통증,t,1.0,건강,2012-01-01
2013,4.0,_통증,t,0.0,건강,2013-01-01
2014,2.0,_통증,t,4.0,건강,2014-01-01
2015,2.0,_통증,t,2.0,건강,2015-01-01
2016,3.0,_통증,t,2.0,건강,2016-01-01
2017,7.0,_통증,t,3.0,건강,2017-01-01
2018,31.0,_통증,t,7.0,건강,2018-01-01
2019,108.0,_통증,t,31.0,건강,2019-01-01
2020,153.0,_통증,t,108.0,건강,2020-01-01
2021,29.0,_통증,t,153.0,건강,2021-01-01
2007,0.0,_코로나,t,,건강,2007-01-01
2008,0.0,_코로나,t,0.0,건강,2008-01-01
2009,0.0,_코로나,t,0.0,건강,2009-01-01
2010,0.0,_코로나,t,0.0,건강,2010-01-01
2011,0.0,_코로나,t,0.0,건강,2011-01-01
2012,0.0,_코로나,t,0.0,건강,2012-01-01
2013,0.0,_코로나,t,0.0,건강,2013-01-01
2014,0.0,_코로나,t,0.0,건강,2014-01-01
2015,0.0,_코로나,t,0.0,건강,2015-01-01
2016,0.0,_코로나,t,0.0,건강,2016-01-01
2017,0.0,_코로나,t,0.0,건강,2017-01-01
2018,0.0,_코로나,t,0.0,건강,2018-01-01
2019,2.0,_코로나,t,0.0,건강,2019-01-01
2020,293.0,_코로나,t,2.0,건강,2020-01-01
2021,45.0,_코로나,t,293.0,건강,2021-01-01
2007,0.0,_치매,t,,건강,2007-01-01
2008,0.0,_치매,t,0.0,건강,2008-01-01
2009,0.0,_치매,t,0.0,건강,2009-01-01
2010,0.0,_치매,t,0.0,건강,2010-01-01
2011,0.0,_치매,t,0.0,건강,2011-01-01
2012,0.0,_치매,t,0.0,건강,2012-01-01
2013,1.0,_치매,t,0.0,건강,2013-01-01
2014,0.0,_치매,t,1.0,건강,2014-01-01
2015,2.0,_치매,t,0.0,건강,2015-01-01
2016,6.0,_치매,t,2.0,건강,2016-01-01
2017,1.0,_치매,t,6.0,건강,2017-01-01
2018,31.0,_치매,t,1.0,건강,2018-01-01
2019,107.0,_치매,t,31.0,건강,2019-01-01
2020,131.0,_치매,t,107.0,건강,2020-01-01
2021,30.0,_치매,t,131.0,건강,2021-01-01
2007,0.0,_체조,t,,건강,2007-01-01
2008,0.0,_체조,t,0.0,건강,2008-01-01
2009,0.0,_체조,t,0.0,건강,2009-01-01
2010,0.0,_체조,t,0.0,건강,2010-01-01
2011,0.0,_체조,t,0.0,건강,2011-01-01
2012,0.0,_체조,t,0.0,건강,2012-01-01
2013,0.0,_체조,t,0.0,건강,2013-01-01
2014,0.0,_체조,t,0.0,건강,2014-01-01
2015,7.0,_체조,t,0.0,건강,2015-01-01
2016,38.0,_체조,t,7.0,건강,2016-01-01
2017,4.0,_체조,t,38.0,건강,2017-01-01
2018,64.0,_체조,t,4.0,건강,2018-01-01
2019,303.0,_체조,t,64.0,건강,2019-01-01
2020,157.0,_체조,t,303.0,건강,2020-01-01
2021,25.0,_체조,t,157.0,건강,2021-01-01
2007,0.0,_교정,t,,건강,2007-01-01
2008,0.0,_교정,t,0.0,건강,2008-01-01
2009,0.0,_교정,t,0.0,건강,2009-01-01
2010,0.0,_교정,t,0.0,건강,2010-01-01
2011,1.0,_교정,t,0.0,건강,2011-01-01
2012,0.0,_교정,t,1.0,건강,2012-01-01
2013,0.0,_교정,t,0.0,건강,2013-01-01
2014,2.0,_교정,t,0.0,건강,2014-01-01
2015,6.0,_교정,t,2.0,건강,2015-01-01
2016,0.0,_교정,t,6.0,건강,2016-01-01
2017,4.0,_교정,t,0.0,건강,2017-01-01
2018,7.0,_교정,t,4.0,건강,2018-01-01
2019,47.0,_교정,t,7.0,건강,2019-01-01
2020,127.0,_교정,t,47.0,건강,2020-01-01
2021,20.0,_교정,t,127.0,건강,2021-01-01
2007,0.0,_혈압,t,,건강,2007-01-01
2008,0.0,_혈압,t,0.0,건강,2008-01-01
2009,0.0,_혈압,t,0.0,건강,2009-01-01
2010,0.0,_혈압,t,0.0,건강,2010-01-01
2011,0.0,_혈압,t,0.0,건강,2011-01-01
2012,0.0,_혈압,t,0.0,건강,2012-01-01
2013,0.0,_혈압,t,0.0,건강,2013-01-01
2014,1.0,_혈압,t,0.0,건강,2014-01-01
2015,3.0,_혈압,t,1.0,건강,2015-01-01
2016,4.0,_혈압,t,3.0,건강,2016-01-01
2017,11.0,_혈압,t,4.0,건강,2017-01-01
2018,15.0,_혈압,t,11.0,건강,2018-01-01
2019,59.0,_혈압,t,15.0,건강,2019-01-01
2020,127.0,_혈압,t,59.0,건강,2020-01-01
2021,52.0,_혈압,t,127.0,건강,2021-01-01
2007,0.0,_코골이,t,,건강,2007-01-01
2008,0.0,_코골이,t,0.0,건강,2008-01-01
2009,0.0,_코골이,t,0.0,건강,2009-01-01
2010,0.0,_코골이,t,0.0,건강,2010-01-01
2011,1.0,_코골이,t,0.0,건강,2011-01-01
2012,1.0,_코골이,t,1.0,건강,2012-01-01
2013,4.0,_코골이,t,1.0,건강,2013-01-01
2014,4.0,_코골이,t,4.0,건강,2014-01-01
2015,4.0,_코골이,t,4.0,건강,2015-01-01
2016,2.0,_코골이,t,4.0,건강,2016-01-01
2017,1.0,_코골이,t,2.0,건강,2017-01-01
2018,23.0,_코골이,t,1.0,건강,2018-01-01
2019,95.0,_코골이,t,23.0,건강,2019-01-01
2020,20.0,_코골이,t,95.0,건강,2020-01-01
2021,1.0,_코골이,t,20.0,건강,2021-01-01
2007,0.0,_피부,t,,건강,2007-01-01
2008,0.0,_피부,t,0.0,건강,2008-01-01
2009,0.0,_피부,t,0.0,건강,2009-01-01
2010,0.0,_피부,t,0.0,건강,2010-01-01
2011,0.0,_피부,t,0.0,건강,2011-01-01
2012,0.0,_피부,t,0.0,건강,2012-01-01
2013,2.0,_피부,t,0.0,건강,2013-01-01
2014,3.0,_피부,t,2.0,건강,2014-01-01
2015,4.0,_피부,t,3.0,건강,2015-01-01
2016,3.0,_피부,t,4.0,건강,2016-01-01
2017,13.0,_피부,t,3.0,건강,2017-01-01
2018,18.0,_피부,t,13.0,건강,2018-01-01
2019,97.0,_피부,t,18.0,건강,2019-01-01
2020,136.0,_피부,t,97.0,건강,2020-01-01
2021,53.0,_피부,t,136.0,건강,2021-01-01
2007,0.0,_보험,t,,건강,2007-01-01
2008,0.0,_보험,t,0.0,건강,2008-01-01
2009,0.0,_보험,t,0.0,건강,2009-01-01
2010,0.0,_보험,t,0.0,건강,2010-01-01
2011,0.0,_보험,t,0.0,건강,2011-01-01
2012,1.0,_보험,t,0.0,건강,2012-01-01
2013,0.0,_보험,t,1.0,건강,2013-01-01
2014,18.0,_보험,t,0.0,건강,2014-01-01
2015,6.0,_보험,t,18.0,건강,2015-01-01
2016,12.0,_보험,t,6.0,건강,2016-01-01
2017,10.0,_보험,t,12.0,건강,2017-01-01
2018,52.0,_보험,t,10.0,건강,2018-01-01
2019,63.0,_보험,t,52.0,건강,2019-01-01
2020,53.0,_보험,t,63.0,건강,2020-01-01
2021,10.0,_보험,t,53.0,건강,2021-01-01
2007,0.0,_영양제,t,,건강,2007-01-01
2008,0.0,_영양제,t,0.0,건강,2008-01-01
2009,0.0,_영양제,t,0.0,건강,2009-01-01
2010,0.0,_영양제,t,0.0,건강,2010-01-01
2011,0.0,_영양제,t,0.0,건강,2011-01-01
2012,0.0,_영양제,t,0.0,건강,2012-01-01
2013,0.0,_영양제,t,0.0,건강,2013-01-01
2014,0.0,_영양제,t,0.0,건강,2014-01-01
2015,0.0,_영양제,t,0.0,건강,2015-01-01
2016,2.0,_영양제,t,0.0,건강,2016-01-01
2017,7.0,_영양제,t,2.0,건강,2017-01-01
2018,7.0,_영양제,t,7.0,건강,2018-01-01
2019,37.0,_영양제,t,7.0,건강,2019-01-01
2020,99.0,_영양제,t,37.0,건강,2020-01-01
2021,38.0,_영양제,t,99.0,건강,2021-01-01
2007,0.0,_면역력,t,,건강,2007-01-01
2008,0.0,_면역력,t,0.0,건강,2008-01-01
2009,0.0,_면역력,t,0.0,건강,2009-01-01
2010,0.0,_면역력,t,0.0,건강,2010-01-01
2011,0.0,_면역력,t,0.0,건강,2011-01-01
2012,0.0,_면역력,t,0.0,건강,2012-01-01
2013,0.0,_면역력,t,0.0,건강,2013-01-01
2014,0.0,_면역력,t,0.0,건강,2014-01-01
2015,0.0,_면역력,t,0.0,건강,2015-01-01
2016,2.0,_면역력,t,0.0,건강,2016-01-01
2017,2.0,_면역력,t,2.0,건강,2017-01-01
2018,6.0,_면역력,t,2.0,건강,2018-01-01
2019,18.0,_면역력,t,6.0,건강,2019-01-01
2020,152.0,_면역력,t,18.0,건강,2020-01-01
2021,19.0,_면역력,t,152.0,건강,2021-01-01
2007,0.0,_스트레칭,t,,건강,2007-01-01
2008,0.0,_스트레칭,t,0.0,건강,2008-01-01
2009,0.0,_스트레칭,t,0.0,건강,2009-01-01
2010,0.0,_스트레칭,t,0.0,건강,2010-01-01
2011,0.0,_스트레칭,t,0.0,건강,2011-01-01
2012,0.0,_스트레칭,t,0.0,건강,2012-01-01
2013,0.0,_스트레칭,t,0.0,건강,2013-01-01
2014,1.0,_스트레칭,t,0.0,건강,2014-01-01
2015,3.0,_스트레칭,t,1.0,건강,2015-01-01
2016,8.0,_스트레칭,t,3.0,건강,2016-01-01
2017,6.0,_스트레칭,t,8.0,건강,2017-01-01
2018,15.0,_스트레칭,t,6.0,건강,2018-01-01
2019,47.0,_스트레칭,t,15.0,건강,2019-01-01
2020,92.0,_스트레칭,t,47.0,건강,2020-01-01
2021,68.0,_스트레칭,t,92.0,건강,2021-01-01
2007,0.0,_수면,t,,건강,2007-01-01
2008,0.0,_수면,t,0.0,건강,2008-01-01
2009,0.0,_수면,t,0.0,건강,2009-01-01
2010,0.0,_수면,t,0.0,건강,2010-01-01
2011,1.0,_수면,t,0.0,건강,2011-01-01
2012,1.0,_수면,t,1.0,건강,2012-01-01
2013,3.0,_수면,t,1.0,건강,2013-01-01
2014,2.0,_수면,t,3.0,건강,2014-01-01
2015,4.0,_수면,t,2.0,건강,2015-01-01
2016,3.0,_수면,t,4.0,건강,2016-01-01
2017,1.0,_수면,t,3.0,건강,2017-01-01
2018,29.0,_수면,t,1.0,건강,2018-01-01
2019,96.0,_수면,t,29.0,건강,2019-01-01
2020,41.0,_수면,t,96.0,건강,2020-01-01
2021,13.0,_수면,t,41.0,건강,2021-01-01
2007,0.0,_혈관,t,,건강,2007-01-01
2008,0.0,_혈관,t,0.0,건강,2008-01-01
2009,0.0,_혈관,t,0.0,건강,2009-01-01
2010,0.0,_혈관,t,0.0,건강,2010-01-01
2011,0.0,_혈관,t,0.0,건강,2011-01-01
2012,0.0,_혈관,t,0.0,건강,2012-01-01
2013,0.0,_혈관,t,0.0,건강,2013-01-01
2014,0.0,_혈관,t,0.0,건강,2014-01-01
2015,1.0,_혈관,t,0.0,건강,2015-01-01
2016,1.0,_혈관,t,1.0,건강,2016-01-01
2017,2.0,_혈관,t,1.0,건강,2017-01-01
2018,20.0,_혈관,t,2.0,건강,2018-01-01
2019,34.0,_혈관,t,20.0,건강,2019-01-01
2020,115.0,_혈관,t,34.0,건강,2020-01-01
2021,37.0,_혈관,t,115.0,건강,2021-01-01
2007,0.0,_먹방,t,,맛집,2007-01-01
2008,0.0,_먹방,t,0.0,맛집,2008-01-01
2009,0.0,_먹방,t,0.0,맛집,2009-01-01
2010,0.0,_먹방,t,0.0,맛집,2010-01-01
2011,0.0,_먹방,t,0.0,맛집,2011-01-01
2012,2.0,_먹방,t,0.0,맛집,2012-01-01
2013,0.0,_먹방,t,2.0,맛집,2013-01-01
2014,0.0,_먹방,t,0.0,맛집,2014-01-01
2015,2.0,_먹방,t,0.0,맛집,2015-01-01
2016,22.0,_먹방,t,2.0,맛집,2016-01-01
2017,19.0,_먹방,t,22.0,맛집,2017-01-01
2018,247.0,_먹방,t,19.0,맛집,2018-01-01
2019,581.0,_먹방,t,247.0,맛집,2019-01-01
2020,740.0,_먹방,t,581.0,맛집,2020-01-01
2021,210.0,_먹방,t,740.0,맛집,2021-01-01
2007,0.0,_대구,t,,맛집,2007-01-01
2008,0.0,_대구,t,0.0,맛집,2008-01-01
2009,0.0,_대구,t,0.0,맛집,2009-01-01
2010,0.0,_대구,t,0.0,맛집,2010-01-01
2011,0.0,_대구,t,0.0,맛집,2011-01-01
2012,6.0,_대구,t,0.0,맛집,2012-01-01
2013,0.0,_대구,t,6.0,맛집,2013-01-01
2014,0.0,_대구,t,0.0,맛집,2014-01-01
2015,0.0,_대구,t,0.0,맛집,2015-01-01
2016,4.0,_대구,t,0.0,맛집,2016-01-01
2017,26.0,_대구,t,4.0,맛집,2017-01-01
2018,36.0,_대구,t,26.0,맛집,2018-01-01
2019,150.0,_대구,t,36.0,맛집,2019-01-01
2020,183.0,_대구,t,150.0,맛집,2020-01-01
2021,16.0,_대구,t,183.0,맛집,2021-01-01
2007,0.0,_식당,t,,맛집,2007-01-01
2008,0.0,_식당,t,0.0,맛집,2008-01-01
2009,0.0,_식당,t,0.0,맛집,2009-01-01
2010,0.0,_식당,t,0.0,맛집,2010-01-01
2011,0.0,_식당,t,0.0,맛집,2011-01-01
2012,1.0,_식당,t,0.0,맛집,2012-01-01
2013,0.0,_식당,t,1.0,맛집,2013-01-01
2014,0.0,_식당,t,0.0,맛집,2014-01-01
2015,0.0,_식당,t,0.0,맛집,2015-01-01
2016,1.0,_식당,t,0.0,맛집,2016-01-01
2017,3.0,_식당,t,1.0,맛집,2017-01-01
2018,10.0,_식당,t,3.0,맛집,2018-01-01
2019,89.0,_식당,t,10.0,맛집,2019-01-01
2020,164.0,_식당,t,89.0,맛집,2020-01-01
2021,18.0,_식당,t,164.0,맛집,2021-01-01
2007,0.0,_힐링,t,,여행,2007-01-01
2008,0.0,_힐링,t,0.0,여행,2008-01-01
2009,0.0,_힐링,t,0.0,여행,2009-01-01
2010,0.0,_힐링,t,0.0,여행,2010-01-01
2011,0.0,_힐링,t,0.0,여행,2011-01-01
2012,0.0,_힐링,t,0.0,여행,2012-01-01
2013,0.0,_힐링,t,0.0,여행,2013-01-01
2014,1.0,_힐링,t,0.0,여행,2014-01-01
2015,0.0,_힐링,t,1.0,여행,2015-01-01
2016,5.0,_힐링,t,0.0,여행,2016-01-01
2017,5.0,_힐링,t,5.0,여행,2017-01-01
2018,16.0,_힐링,t,5.0,여행,2018-01-01
2019,448.0,_힐링,t,16.0,여행,2019-01-01
2020,285.0,_힐링,t,448.0,여행,2020-01-01
2021,47.0,_힐링,t,285.0,여행,2021-01-01
2007,0.0,_먹방,t,,여행,2007-01-01
2008,0.0,_먹방,t,0.0,여행,2008-01-01
2009,0.0,_먹방,t,0.0,여행,2009-01-01
2010,0.0,_먹방,t,0.0,여행,2010-01-01
2011,0.0,_먹방,t,0.0,여행,2011-01-01
2012,0.0,_먹방,t,0.0,여행,2012-01-01
2013,0.0,_먹방,t,0.0,여행,2013-01-01
2014,0.0,_먹방,t,0.0,여행,2014-01-01
2015,0.0,_먹방,t,0.0,여행,2015-01-01
2016,4.0,_먹방,t,0.0,여행,2016-01-01
2017,22.0,_먹방,t,4.0,여행,2017-01-01
2018,94.0,_먹방,t,22.0,여행,2018-01-01
2019,158.0,_먹방,t,94.0,여행,2019-01-01
2020,448.0,_먹방,t,158.0,여행,2020-01-01
2021,176.0,_먹방,t,448.0,여행,2021-01-01
2007,0.0,_축제,t,,여행,2007-01-01
2008,0.0,_축제,t,0.0,여행,2008-01-01
2009,0.0,_축제,t,0.0,여행,2009-01-01
2010,0.0,_축제,t,0.0,여행,2010-01-01
2011,1.0,_축제,t,0.0,여행,2011-01-01
2012,0.0,_축제,t,1.0,여행,2012-01-01
2013,3.0,_축제,t,0.0,여행,2013-01-01
2014,0.0,_축제,t,3.0,여행,2014-01-01
2015,9.0,_축제,t,0.0,여행,2015-01-01
2016,7.0,_축제,t,9.0,여행,2016-01-01
2017,81.0,_축제,t,7.0,여행,2017-01-01
2018,169.0,_축제,t,81.0,여행,2018-01-01
2019,381.0,_축제,t,169.0,여행,2019-01-01
2020,58.0,_축제,t,381.0,여행,2020-01-01
2021,9.0,_축제,t,58.0,여행,2021-01-01
2007,0.0,_캠핑,t,,여행,2007-01-01
2008,0.0,_캠핑,t,0.0,여행,2008-01-01
2009,0.0,_캠핑,t,0.0,여행,2009-01-01
2010,0.0,_캠핑,t,0.0,여행,2010-01-01
2011,0.0,_캠핑,t,0.0,여행,2011-01-01
2012,0.0,_캠핑,t,0.0,여행,2012-01-01
2013,0.0,_캠핑,t,0.0,여행,2013-01-01
2014,6.0,_캠핑,t,0.0,여행,2014-01-01
2015,1.0,_캠핑,t,6.0,여행,2015-01-01
2016,2.0,_캠핑,t,1.0,여행,2016-01-01
2017,13.0,_캠핑,t,2.0,여행,2017-01-01
2018,59.0,_캠핑,t,13.0,여행,2018-01-01
2019,273.0,_캠핑,t,59.0,여행,2019-01-01
2020,356.0,_캠핑,t,273.0,여행,2020-01-01
2021,97.0,_캠핑,t,356.0,여행,2021-01-01
2007,0.0,_일본,t,,여행,2007-01-01
2008,0.0,_일본,t,0.0,여행,2008-01-01
2009,0.0,_일본,t,0.0,여행,2009-01-01
2010,0.0,_일본,t,0.0,여행,2010-01-01
2011,0.0,_일본,t,0.0,여행,2011-01-01
2012,0.0,_일본,t,0.0,여행,2012-01-01
2013,1.0,_일본,t,0.0,여행,2013-01-01
2014,2.0,_일본,t,1.0,여행,2014-01-01
2015,29.0,_일본,t,2.0,여행,2015-01-01
2016,10.0,_일본,t,29.0,여행,2016-01-01
2017,35.0,_일본,t,10.0,여행,2017-01-01
2018,92.0,_일본,t,35.0,여행,2018-01-01
2019,219.0,_일본,t,92.0,여행,2019-01-01
2020,133.0,_일본,t,219.0,여행,2020-01-01
2021,19.0,_일본,t,133.0,여행,2021-01-01
2007,0.0,_맛집,t,,여행,2007-01-01
2008,0.0,_맛집,t,0.0,여행,2008-01-01
2009,0.0,_맛집,t,0.0,여행,2009-01-01
2010,0.0,_맛집,t,0.0,여행,2010-01-01
2011,0.0,_맛집,t,0.0,여행,2011-01-01
2012,0.0,_맛집,t,0.0,여행,2012-01-01
2013,0.0,_맛집,t,0.0,여행,2013-01-01
2014,1.0,_맛집,t,0.0,여행,2014-01-01
2015,6.0,_맛집,t,1.0,여행,2015-01-01
2016,19.0,_맛집,t,6.0,여행,2016-01-01
2017,40.0,_맛집,t,19.0,여행,2017-01-01
2018,110.0,_맛집,t,40.0,여행,2018-01-01
2019,224.0,_맛집,t,110.0,여행,2019-01-01
2020,244.0,_맛집,t,224.0,여행,2020-01-01
2021,55.0,_맛집,t,244.0,여행,2021-01-01
2007,0.0,_캄보디아,t,,여행,2007-01-01
2008,0.0,_캄보디아,t,0.0,여행,2008-01-01
2009,0.0,_캄보디아,t,0.0,여행,2009-01-01
2010,0.0,_캄보디아,t,0.0,여행,2010-01-01
2011,0.0,_캄보디아,t,0.0,여행,2011-01-01
2012,0.0,_캄보디아,t,0.0,여행,2012-01-01
2013,0.0,_캄보디아,t,0.0,여행,2013-01-01
2014,47.0,_캄보디아,t,0.0,여행,2014-01-01
2015,26.0,_캄보디아,t,47.0,여행,2015-01-01
2016,24.0,_캄보디아,t,26.0,여행,2016-01-01
2017,88.0,_캄보디아,t,24.0,여행,2017-01-01
2018,46.0,_캄보디아,t,88.0,여행,2018-01-01
2019,45.0,_캄보디아,t,46.0,여행,2019-01-01
2020,197.0,_캄보디아,t,45.0,여행,2020-01-01
2021,55.0,_캄보디아,t,197.0,여행,2021-01-01
2007,0.0,_제주,t,,여행,2007-01-01
2008,0.0,_제주,t,0.0,여행,2008-01-01
2009,0.0,_제주,t,0.0,여행,2009-01-01
2010,0.0,_제주,t,0.0,여행,2010-01-01
2011,0.0,_제주,t,0.0,여행,2011-01-01
2012,0.0,_제주,t,0.0,여행,2012-01-01
2013,0.0,_제주,t,0.0,여행,2013-01-01
2014,1.0,_제주,t,0.0,여행,2014-01-01
2015,1.0,_제주,t,1.0,여행,2015-01-01
2016,38.0,_제주,t,1.0,여행,2016-01-01
2017,24.0,_제주,t,38.0,여행,2017-01-01
2018,37.0,_제주,t,24.0,여행,2018-01-01
2019,118.0,_제주,t,37.0,여행,2019-01-01
2020,265.0,_제주,t,118.0,여행,2020-01-01
2021,95.0,_제주,t,265.0,여행,2021-01-01
2007,0.0,_미국,t,,여행,2007-01-01
2008,0.0,_미국,t,0.0,여행,2008-01-01
2009,0.0,_미국,t,0.0,여행,2009-01-01
2010,0.0,_미국,t,0.0,여행,2010-01-01
2011,0.0,_미국,t,0.0,여행,2011-01-01
2012,0.0,_미국,t,0.0,여행,2012-01-01
2013,1.0,_미국,t,0.0,여행,2013-01-01
2014,0.0,_미국,t,1.0,여행,2014-01-01
2015,8.0,_미국,t,0.0,여행,2015-01-01
2016,10.0,_미국,t,8.0,여행,2016-01-01
2017,16.0,_미국,t,10.0,여행,2017-01-01
2018,33.0,_미국,t,16.0,여행,2018-01-01
2019,253.0,_미국,t,33.0,여행,2019-01-01
2020,191.0,_미국,t,253.0,여행,2020-01-01
2021,23.0,_미국,t,191.0,여행,2021-01-01
2007,0.0,_자연,t,,여행,2007-01-01
2008,0.0,_자연,t,0.0,여행,2008-01-01
2009,0.0,_자연,t,0.0,여행,2009-01-01
2010,0.0,_자연,t,0.0,여행,2010-01-01
2011,0.0,_자연,t,0.0,여행,2011-01-01
2012,0.0,_자연,t,0.0,여행,2012-01-01
2013,6.0,_자연,t,0.0,여행,2013-01-01
2014,6.0,_자연,t,6.0,여행,2014-01-01
2015,2.0,_자연,t,6.0,여행,2015-01-01
2016,9.0,_자연,t,2.0,여행,2016-01-01
2017,4.0,_자연,t,9.0,여행,2017-01-01
2018,8.0,_자연,t,4.0,여행,2018-01-01
2019,369.0,_자연,t,8.0,여행,2019-01-01
2020,70.0,_자연,t,369.0,여행,2020-01-01
2021,13.0,_자연,t,70.0,여행,2021-01-01
2007,0.0,_자동차,t,,여행,2007-01-01
2008,0.0,_자동차,t,0.0,여행,2008-01-01
2009,0.0,_자동차,t,0.0,여행,2009-01-01
2010,0.0,_자동차,t,0.0,여행,2010-01-01
2011,0.0,_자동차,t,0.0,여행,2011-01-01
2012,0.0,_자동차,t,0.0,여행,2012-01-01
2013,2.0,_자동차,t,0.0,여행,2013-01-01
2014,0.0,_자동차,t,2.0,여행,2014-01-01
2015,1.0,_자동차,t,0.0,여행,2015-01-01
2016,1.0,_자동차,t,1.0,여행,2016-01-01
2017,11.0,_자동차,t,1.0,여행,2017-01-01
2018,113.0,_자동차,t,11.0,여행,2018-01-01
2019,234.0,_자동차,t,113.0,여행,2019-01-01
2020,67.0,_자동차,t,234.0,여행,2020-01-01
2021,7.0,_자동차,t,67.0,여행,2021-01-01
2007,0.0,_태국,t,,여행,2007-01-01
2008,0.0,_태국,t,0.0,여행,2008-01-01
2009,0.0,_태국,t,0.0,여행,2009-01-01
2010,0.0,_태국,t,0.0,여행,2010-01-01
2011,0.0,_태국,t,0.0,여행,2011-01-01
2012,0.0,_태국,t,0.0,여행,2012-01-01
2013,3.0,_태국,t,0.0,여행,2013-01-01
2014,5.0,_태국,t,3.0,여행,2014-01-01
2015,3.0,_태국,t,5.0,여행,2015-01-01
2016,2.0,_태국,t,3.0,여행,2016-01-01
2017,33.0,_태국,t,2.0,여행,2017-01-01
2018,20.0,_태국,t,33.0,여행,2018-01-01
2019,97.0,_태국,t,20.0,여행,2019-01-01
2020,203.0,_태국,t,97.0,여행,2020-01-01
2021,28.0,_태국,t,203.0,여행,2021-01-01
2007,0.0,_부산,t,,여행,2007-01-01
2008,0.0,_부산,t,0.0,여행,2008-01-01
2009,0.0,_부산,t,0.0,여행,2009-01-01
2010,0.0,_부산,t,0.0,여행,2010-01-01
2011,0.0,_부산,t,0.0,여행,2011-01-01
2012,0.0,_부산,t,0.0,여행,2012-01-01
2013,0.0,_부산,t,0.0,여행,2013-01-01
2014,0.0,_부산,t,0.0,여행,2014-01-01
2015,0.0,_부산,t,0.0,여행,2015-01-01
2016,18.0,_부산,t,0.0,여행,2016-01-01
2017,19.0,_부산,t,18.0,여행,2017-01-01
2018,38.0,_부산,t,19.0,여행,2018-01-01
2019,174.0,_부산,t,38.0,여행,2019-01-01
2020,104.0,_부산,t,174.0,여행,2020-01-01
2021,23.0,_부산,t,104.0,여행,2021-01-01
2007,0.0,_국내,t,,여행,2007-01-01
2008,0.0,_국내,t,0.0,여행,2008-01-01
2009,0.0,_국내,t,0.0,여행,2009-01-01
2010,0.0,_국내,t,0.0,여행,2010-01-01
2011,0.0,_국내,t,0.0,여행,2011-01-01
2012,0.0,_국내,t,0.0,여행,2012-01-01
2013,1.0,_국내,t,0.0,여행,2013-01-01
2014,0.0,_국내,t,1.0,여행,2014-01-01
2015,0.0,_국내,t,0.0,여행,2015-01-01
2016,9.0,_국내,t,0.0,여행,2016-01-01
2017,14.0,_국내,t,9.0,여행,2017-01-01
2018,9.0,_국내,t,14.0,여행,2018-01-01
2019,64.0,_국내,t,9.0,여행,2019-01-01
2020,180.0,_국내,t,64.0,여행,2020-01-01
2021,56.0,_국내,t,180.0,여행,2021-01-01
2007,0.0,_이탈리아,t,,여행,2007-01-01
2008,0.0,_이탈리아,t,0.0,여행,2008-01-01
2009,0.0,_이탈리아,t,0.0,여행,2009-01-01
2010,0.0,_이탈리아,t,0.0,여행,2010-01-01
2011,0.0,_이탈리아,t,0.0,여행,2011-01-01
2012,0.0,_이탈리아,t,0.0,여행,2012-01-01
2013,0.0,_이탈리아,t,0.0,여행,2013-01-01
2014,0.0,_이탈리아,t,0.0,여행,2014-01-01
2015,12.0,_이탈리아,t,0.0,여행,2015-01-01
2016,4.0,_이탈리아,t,12.0,여행,2016-01-01
2017,4.0,_이탈리아,t,4.0,여행,2017-01-01
2018,61.0,_이탈리아,t,4.0,여행,2018-01-01
2019,116.0,_이탈리아,t,61.0,여행,2019-01-01
2020,184.0,_이탈리아,t,116.0,여행,2020-01-01
2021,67.0,_이탈리아,t,184.0,여행,2021-01-01
2007,0.0,_베트남,t,,여행,2007-01-01
2008,0.0,_베트남,t,0.0,여행,2008-01-01
2009,0.0,_베트남,t,0.0,여행,2009-01-01
2010,0.0,_베트남,t,0.0,여행,2010-01-01
2011,0.0,_베트남,t,0.0,여행,2011-01-01
2012,0.0,_베트남,t,0.0,여행,2012-01-01
2013,1.0,_베트남,t,0.0,여행,2013-01-01
2014,0.0,_베트남,t,1.0,여행,2014-01-01
2015,7.0,_베트남,t,0.0,여행,2015-01-01
2016,16.0,_베트남,t,7.0,여행,2016-01-01
2017,28.0,_베트남,t,16.0,여행,2017-01-01
2018,73.0,_베트남,t,28.0,여행,2018-01-01
2019,165.0,_베트남,t,73.0,여행,2019-01-01
2020,56.0,_베트남,t,165.0,여행,2020-01-01
2021,19.0,_베트남,t,56.0,여행,2021-01-01
2007,0.0,_자전거,t,,여행,2007-01-01
2008,0.0,_자전거,t,0.0,여행,2008-01-01
2009,0.0,_자전거,t,0.0,여행,2009-01-01
2010,0.0,_자전거,t,0.0,여행,2010-01-01
2011,0.0,_자전거,t,0.0,여행,2011-01-01
2012,0.0,_자전거,t,0.0,여행,2012-01-01
2013,0.0,_자전거,t,0.0,여행,2013-01-01
2014,0.0,_자전거,t,0.0,여행,2014-01-01
2015,3.0,_자전거,t,0.0,여행,2015-01-01
2016,4.0,_자전거,t,3.0,여행,2016-01-01
2017,1.0,_자전거,t,4.0,여행,2017-01-01
2018,34.0,_자전거,t,1.0,여행,2018-01-01
2019,94.0,_자전거,t,34.0,여행,2019-01-01
2020,123.0,_자전거,t,94.0,여행,2020-01-01
2021,16.0,_자전거,t,123.0,여행,2021-01-01
2007,0.0,_체험,t,,여행,2007-01-01
2008,0.0,_체험,t,0.0,여행,2008-01-01
2009,0.0,_체험,t,0.0,여행,2009-01-01
2010,0.0,_체험,t,0.0,여행,2010-01-01
2011,0.0,_체험,t,0.0,여행,2011-01-01
2012,0.0,_체험,t,0.0,여행,2012-01-01
2013,0.0,_체험,t,0.0,여행,2013-01-01
2014,5.0,_체험,t,0.0,여행,2014-01-01
2015,4.0,_체험,t,5.0,여행,2015-01-01
2016,2.0,_체험,t,4.0,여행,2016-01-01
2017,16.0,_체험,t,2.0,여행,2017-01-01
2018,20.0,_체험,t,16.0,여행,2018-01-01
2019,64.0,_체험,t,20.0,여행,2019-01-01
2020,84.0,_체험,t,64.0,여행,2020-01-01
2021,10.0,_체험,t,84.0,여행,2021-01-01
2007,0.0,_레시피,t,,요리,2007-01-01
2008,0.0,_레시피,t,0.0,요리,2008-01-01
2009,0.0,_레시피,t,0.0,요리,2009-01-01
2010,0.0,_레시피,t,0.0,요리,2010-01-01
2011,0.0,_레시피,t,0.0,요리,2011-01-01
2012,0.0,_레시피,t,0.0,요리,2012-01-01
2013,0.0,_레시피,t,0.0,요리,2013-01-01
2014,3.0,_레시피,t,0.0,요리,2014-01-01
2015,29.0,_레시피,t,3.0,요리,2015-01-01
2016,15.0,_레시피,t,29.0,요리,2016-01-01
2017,42.0,_레시피,t,15.0,요리,2017-01-01
2018,77.0,_레시피,t,42.0,요리,2018-01-01
2019,800.0,_레시피,t,77.0,요리,2019-01-01
2020,1284.0,_레시피,t,800.0,요리,2020-01-01
2021,265.0,_레시피,t,1284.0,요리,2021-01-01
2007,0.0,_볶음,t,,요리,2007-01-01
2008,0.0,_볶음,t,0.0,요리,2008-01-01
2009,0.0,_볶음,t,0.0,요리,2009-01-01
2010,0.0,_볶음,t,0.0,요리,2010-01-01
2011,0.0,_볶음,t,0.0,요리,2011-01-01
2012,0.0,_볶음,t,0.0,요리,2012-01-01
2013,0.0,_볶음,t,0.0,요리,2013-01-01
2014,49.0,_볶음,t,0.0,요리,2014-01-01
2015,51.0,_볶음,t,49.0,요리,2015-01-01
2016,35.0,_볶음,t,51.0,요리,2016-01-01
2017,141.0,_볶음,t,35.0,요리,2017-01-01
2018,233.0,_볶음,t,141.0,요리,2018-01-01
2019,852.0,_볶음,t,233.0,요리,2019-01-01
2020,1123.0,_볶음,t,852.0,요리,2020-01-01
2021,223.0,_볶음,t,1123.0,요리,2021-01-01
2007,0.0,_김치,t,,요리,2007-01-01
2008,0.0,_김치,t,0.0,요리,2008-01-01
2009,0.0,_김치,t,0.0,요리,2009-01-01
2010,0.0,_김치,t,0.0,요리,2010-01-01
2011,0.0,_김치,t,0.0,요리,2011-01-01
2012,0.0,_김치,t,0.0,요리,2012-01-01
2013,0.0,_김치,t,0.0,요리,2013-01-01
2014,40.0,_김치,t,0.0,요리,2014-01-01
2015,43.0,_김치,t,40.0,요리,2015-01-01
2016,24.0,_김치,t,43.0,요리,2016-01-01
2017,116.0,_김치,t,24.0,요리,2017-01-01
2018,199.0,_김치,t,116.0,요리,2018-01-01
2019,717.0,_김치,t,199.0,요리,2019-01-01
2020,987.0,_김치,t,717.0,요리,2020-01-01
2021,200.0,_김치,t,987.0,요리,2021-01-01
2007,0.0,_한식,t,,요리,2007-01-01
2008,0.0,_한식,t,0.0,요리,2008-01-01
2009,0.0,_한식,t,0.0,요리,2009-01-01
2010,0.0,_한식,t,0.0,요리,2010-01-01
2011,0.0,_한식,t,0.0,요리,2011-01-01
2012,0.0,_한식,t,0.0,요리,2012-01-01
2013,0.0,_한식,t,0.0,요리,2013-01-01
2014,3.0,_한식,t,0.0,요리,2014-01-01
2015,2.0,_한식,t,3.0,요리,2015-01-01
2016,18.0,_한식,t,2.0,요리,2016-01-01
2017,77.0,_한식,t,18.0,요리,2017-01-01
2018,150.0,_한식,t,77.0,요리,2018-01-01
2019,347.0,_한식,t,150.0,요리,2019-01-01
2020,467.0,_한식,t,347.0,요리,2020-01-01
2021,52.0,_한식,t,467.0,요리,2021-01-01
2007,0.0,_무침,t,,요리,2007-01-01
2008,0.0,_무침,t,0.0,요리,2008-01-01
2009,0.0,_무침,t,0.0,요리,2009-01-01
2010,0.0,_무침,t,0.0,요리,2010-01-01
2011,0.0,_무침,t,0.0,요리,2011-01-01
2012,0.0,_무침,t,0.0,요리,2012-01-01
2013,0.0,_무침,t,0.0,요리,2013-01-01
2014,2.0,_무침,t,0.0,요리,2014-01-01
2015,7.0,_무침,t,2.0,요리,2015-01-01
2016,0.0,_무침,t,7.0,요리,2016-01-01
2017,57.0,_무침,t,0.0,요리,2017-01-01
2018,76.0,_무침,t,57.0,요리,2018-01-01
2019,355.0,_무침,t,76.0,요리,2019-01-01
2020,503.0,_무침,t,355.0,요리,2020-01-01
2021,87.0,_무침,t,503.0,요리,2021-01-01
2007,0.0,_계란,t,,요리,2007-01-01
2008,0.0,_계란,t,0.0,요리,2008-01-01
2009,0.0,_계란,t,0.0,요리,2009-01-01
2010,0.0,_계란,t,0.0,요리,2010-01-01
2011,0.0,_계란,t,0.0,요리,2011-01-01
2012,0.0,_계란,t,0.0,요리,2012-01-01
2013,0.0,_계란,t,0.0,요리,2013-01-01
2014,20.0,_계란,t,0.0,요리,2014-01-01
2015,25.0,_계란,t,20.0,요리,2015-01-01
2016,14.0,_계란,t,25.0,요리,2016-01-01
2017,39.0,_계란,t,14.0,요리,2017-01-01
2018,80.0,_계란,t,39.0,요리,2018-01-01
2019,224.0,_계란,t,80.0,요리,2019-01-01
2020,444.0,_계란,t,224.0,요리,2020-01-01
2021,99.0,_계란,t,444.0,요리,2021-01-01
2007,0.0,_반찬,t,,요리,2007-01-01
2008,0.0,_반찬,t,0.0,요리,2008-01-01
2009,0.0,_반찬,t,0.0,요리,2009-01-01
2010,0.0,_반찬,t,0.0,요리,2010-01-01
2011,0.0,_반찬,t,0.0,요리,2011-01-01
2012,0.0,_반찬,t,0.0,요리,2012-01-01
2013,0.0,_반찬,t,0.0,요리,2013-01-01
2014,0.0,_반찬,t,0.0,요리,2014-01-01
2015,10.0,_반찬,t,0.0,요리,2015-01-01
2016,3.0,_반찬,t,10.0,요리,2016-01-01
2017,15.0,_반찬,t,3.0,요리,2017-01-01
2018,73.0,_반찬,t,15.0,요리,2018-01-01
2019,282.0,_반찬,t,73.0,요리,2019-01-01
2020,450.0,_반찬,t,282.0,요리,2020-01-01
2021,89.0,_반찬,t,450.0,요리,2021-01-01
2007,0.0,_치즈,t,,요리,2007-01-01
2008,0.0,_치즈,t,0.0,요리,2008-01-01
2009,0.0,_치즈,t,0.0,요리,2009-01-01
2010,0.0,_치즈,t,0.0,요리,2010-01-01
2011,0.0,_치즈,t,0.0,요리,2011-01-01
2012,0.0,_치즈,t,0.0,요리,2012-01-01
2013,1.0,_치즈,t,0.0,요리,2013-01-01
2014,25.0,_치즈,t,1.0,요리,2014-01-01
2015,22.0,_치즈,t,25.0,요리,2015-01-01
2016,26.0,_치즈,t,22.0,요리,2016-01-01
2017,74.0,_치즈,t,26.0,요리,2017-01-01
2018,53.0,_치즈,t,74.0,요리,2018-01-01
2019,216.0,_치즈,t,53.0,요리,2019-01-01
2020,272.0,_치즈,t,216.0,요리,2020-01-01
2021,52.0,_치즈,t,272.0,요리,2021-01-01
2007,0.0,_김밥,t,,요리,2007-01-01
2008,0.0,_김밥,t,0.0,요리,2008-01-01
2009,0.0,_김밥,t,0.0,요리,2009-01-01
2010,0.0,_김밥,t,0.0,요리,2010-01-01
2011,0.0,_김밥,t,0.0,요리,2011-01-01
2012,0.0,_김밥,t,0.0,요리,2012-01-01
2013,0.0,_김밥,t,0.0,요리,2013-01-01
2014,19.0,_김밥,t,0.0,요리,2014-01-01
2015,20.0,_김밥,t,19.0,요리,2015-01-01
2016,8.0,_김밥,t,20.0,요리,2016-01-01
2017,35.0,_김밥,t,8.0,요리,2017-01-01
2018,39.0,_김밥,t,35.0,요리,2018-01-01
2019,155.0,_김밥,t,39.0,요리,2019-01-01
2020,200.0,_김밥,t,155.0,요리,2020-01-01
2021,66.0,_김밥,t,200.0,요리,2021-01-01
2007,0.0,_떡볶이,t,,요리,2007-01-01
2008,0.0,_떡볶이,t,0.0,요리,2008-01-01
2009,0.0,_떡볶이,t,0.0,요리,2009-01-01
2010,0.0,_떡볶이,t,0.0,요리,2010-01-01
2011,0.0,_떡볶이,t,0.0,요리,2011-01-01
2012,0.0,_떡볶이,t,0.0,요리,2012-01-01
2013,0.0,_떡볶이,t,0.0,요리,2013-01-01
2014,26.0,_떡볶이,t,0.0,요리,2014-01-01
2015,27.0,_떡볶이,t,26.0,요리,2015-01-01
2016,30.0,_떡볶이,t,27.0,요리,2016-01-01
2017,47.0,_떡볶이,t,30.0,요리,2017-01-01
2018,58.0,_떡볶이,t,47.0,요리,2018-01-01
2019,135.0,_떡볶이,t,58.0,요리,2019-01-01
2020,206.0,_떡볶이,t,135.0,요리,2020-01-01
2021,46.0,_떡볶이,t,206.0,요리,2021-01-01
2007,0.0,_치킨,t,,요리,2007-01-01
2008,0.0,_치킨,t,0.0,요리,2008-01-01
2009,0.0,_치킨,t,0.0,요리,2009-01-01
2010,0.0,_치킨,t,0.0,요리,2010-01-01
2011,0.0,_치킨,t,0.0,요리,2011-01-01
2012,0.0,_치킨,t,0.0,요리,2012-01-01
2013,1.0,_치킨,t,0.0,요리,2013-01-01
2014,56.0,_치킨,t,1.0,요리,2014-01-01
2015,97.0,_치킨,t,56.0,요리,2015-01-01
2016,76.0,_치킨,t,97.0,요리,2016-01-01
2017,110.0,_치킨,t,76.0,요리,2017-01-01
2018,120.0,_치킨,t,110.0,요리,2018-01-01
2019,195.0,_치킨,t,120.0,요리,2019-01-01
2020,228.0,_치킨,t,195.0,요리,2020-01-01
2021,45.0,_치킨,t,228.0,요리,2021-01-01
2007,0.0,_짬뽕,t,,요리,2007-01-01
2008,0.0,_짬뽕,t,0.0,요리,2008-01-01
2009,0.0,_짬뽕,t,0.0,요리,2009-01-01
2010,0.0,_짬뽕,t,0.0,요리,2010-01-01
2011,0.0,_짬뽕,t,0.0,요리,2011-01-01
2012,0.0,_짬뽕,t,0.0,요리,2012-01-01
2013,0.0,_짬뽕,t,0.0,요리,2013-01-01
2014,25.0,_짬뽕,t,0.0,요리,2014-01-01
2015,19.0,_짬뽕,t,25.0,요리,2015-01-01
2016,13.0,_짬뽕,t,19.0,요리,2016-01-01
2017,28.0,_짬뽕,t,13.0,요리,2017-01-01
2018,59.0,_짬뽕,t,28.0,요리,2018-01-01
2019,141.0,_짬뽕,t,59.0,요리,2019-01-01
2020,238.0,_짬뽕,t,141.0,요리,2020-01-01
2021,62.0,_짬뽕,t,238.0,요리,2021-01-01
2007,0.0,_소고기,t,,요리,2007-01-01
2008,0.0,_소고기,t,0.0,요리,2008-01-01
2009,0.0,_소고기,t,0.0,요리,2009-01-01
2010,0.0,_소고기,t,0.0,요리,2010-01-01
2011,0.0,_소고기,t,0.0,요리,2011-01-01
2012,0.0,_소고기,t,0.0,요리,2012-01-01
2013,1.0,_소고기,t,0.0,요리,2013-01-01
2014,6.0,_소고기,t,1.0,요리,2014-01-01
2015,9.0,_소고기,t,6.0,요리,2015-01-01
2016,6.0,_소고기,t,9.0,요리,2016-01-01
2017,29.0,_소고기,t,6.0,요리,2017-01-01
2018,53.0,_소고기,t,29.0,요리,2018-01-01
2019,159.0,_소고기,t,53.0,요리,2019-01-01
2020,231.0,_소고기,t,159.0,요리,2020-01-01
2021,51.0,_소고기,t,231.0,요리,2021-01-01
2007,0.0,_볶음밥,t,,요리,2007-01-01
2008,0.0,_볶음밥,t,0.0,요리,2008-01-01
2009,0.0,_볶음밥,t,0.0,요리,2009-01-01
2010,0.0,_볶음밥,t,0.0,요리,2010-01-01
2011,0.0,_볶음밥,t,0.0,요리,2011-01-01
2012,0.0,_볶음밥,t,0.0,요리,2012-01-01
2013,0.0,_볶음밥,t,0.0,요리,2013-01-01
2014,26.0,_볶음밥,t,0.0,요리,2014-01-01
2015,16.0,_볶음밥,t,26.0,요리,2015-01-01
2016,14.0,_볶음밥,t,16.0,요리,2016-01-01
2017,34.0,_볶음밥,t,14.0,요리,2017-01-01
2018,52.0,_볶음밥,t,34.0,요리,2018-01-01
2019,197.0,_볶음밥,t,52.0,요리,2019-01-01
2020,257.0,_볶음밥,t,197.0,요리,2020-01-01
2021,68.0,_볶음밥,t,257.0,요리,2021-01-01
2007,0.0,_삼겹살,t,,요리,2007-01-01
2008,0.0,_삼겹살,t,0.0,요리,2008-01-01
2009,0.0,_삼겹살,t,0.0,요리,2009-01-01
2010,0.0,_삼겹살,t,0.0,요리,2010-01-01
2011,0.0,_삼겹살,t,0.0,요리,2011-01-01
2012,0.0,_삼겹살,t,0.0,요리,2012-01-01
2013,1.0,_삼겹살,t,0.0,요리,2013-01-01
2014,7.0,_삼겹살,t,1.0,요리,2014-01-01
2015,12.0,_삼겹살,t,7.0,요리,2015-01-01
2016,16.0,_삼겹살,t,12.0,요리,2016-01-01
2017,46.0,_삼겹살,t,16.0,요리,2017-01-01
2018,54.0,_삼겹살,t,46.0,요리,2018-01-01
2019,145.0,_삼겹살,t,54.0,요리,2019-01-01
2020,218.0,_삼겹살,t,145.0,요리,2020-01-01
2021,32.0,_삼겹살,t,218.0,요리,2021-01-01
2007,0.0,_두부,t,,요리,2007-01-01
2008,0.0,_두부,t,0.0,요리,2008-01-01
2009,0.0,_두부,t,0.0,요리,2009-01-01
2010,0.0,_두부,t,0.0,요리,2010-01-01
2011,0.0,_두부,t,0.0,요리,2011-01-01
2012,0.0,_두부,t,0.0,요리,2012-01-01
2013,0.0,_두부,t,0.0,요리,2013-01-01
2014,8.0,_두부,t,0.0,요리,2014-01-01
2015,20.0,_두부,t,8.0,요리,2015-01-01
2016,6.0,_두부,t,20.0,요리,2016-01-01
2017,63.0,_두부,t,6.0,요리,2017-01-01
2018,78.0,_두부,t,63.0,요리,2018-01-01
2019,245.0,_두부,t,78.0,요리,2019-01-01
2020,418.0,_두부,t,245.0,요리,2020-01-01
2021,93.0,_두부,t,418.0,요리,2021-01-01
2007,0.0,_감자,t,,요리,2007-01-01
2008,0.0,_감자,t,0.0,요리,2008-01-01
2009,0.0,_감자,t,0.0,요리,2009-01-01
2010,0.0,_감자,t,0.0,요리,2010-01-01
2011,0.0,_감자,t,0.0,요리,2011-01-01
2012,0.0,_감자,t,0.0,요리,2012-01-01
2013,1.0,_감자,t,0.0,요리,2013-01-01
2014,14.0,_감자,t,1.0,요리,2014-01-01
2015,14.0,_감자,t,14.0,요리,2015-01-01
2016,7.0,_감자,t,14.0,요리,2016-01-01
2017,33.0,_감자,t,7.0,요리,2017-01-01
2018,46.0,_감자,t,33.0,요리,2018-01-01
2019,198.0,_감자,t,46.0,요리,2019-01-01
2020,342.0,_감자,t,198.0,요리,2020-01-01
2021,45.0,_감자,t,342.0,요리,2021-01-01
2007,0.0,_참치,t,,요리,2007-01-01
2008,0.0,_참치,t,0.0,요리,2008-01-01
2009,0.0,_참치,t,0.0,요리,2009-01-01
2010,0.0,_참치,t,0.0,요리,2010-01-01
2011,0.0,_참치,t,0.0,요리,2011-01-01
2012,0.0,_참치,t,0.0,요리,2012-01-01
2013,0.0,_참치,t,0.0,요리,2013-01-01
2014,6.0,_참치,t,0.0,요리,2014-01-01
2015,4.0,_참치,t,6.0,요리,2015-01-01
2016,13.0,_참치,t,4.0,요리,2016-01-01
2017,23.0,_참치,t,13.0,요리,2017-01-01
2018,42.0,_참치,t,23.0,요리,2018-01-01
2019,106.0,_참치,t,42.0,요리,2019-01-01
2020,180.0,_참치,t,106.0,요리,2020-01-01
2021,30.0,_참치,t,180.0,요리,2021-01-01
2007,0.0,_조림,t,,요리,2007-01-01
2008,0.0,_조림,t,0.0,요리,2008-01-01
2009,0.0,_조림,t,0.0,요리,2009-01-01
2010,0.0,_조림,t,0.0,요리,2010-01-01
2011,0.0,_조림,t,0.0,요리,2011-01-01
2012,0.0,_조림,t,0.0,요리,2012-01-01
2013,0.0,_조림,t,0.0,요리,2013-01-01
2014,3.0,_조림,t,0.0,요리,2014-01-01
2015,11.0,_조림,t,3.0,요리,2015-01-01
2016,5.0,_조림,t,11.0,요리,2016-01-01
2017,29.0,_조림,t,5.0,요리,2017-01-01
2018,78.0,_조림,t,29.0,요리,2018-01-01
2019,274.0,_조림,t,78.0,요리,2019-01-01
2020,464.0,_조림,t,274.0,요리,2020-01-01
2021,65.0,_조림,t,464.0,요리,2021-01-01
2007,0.0,_오징어,t,,요리,2007-01-01
2008,0.0,_오징어,t,0.0,요리,2008-01-01
2009,0.0,_오징어,t,0.0,요리,2009-01-01
2010,0.0,_오징어,t,0.0,요리,2010-01-01
2011,0.0,_오징어,t,0.0,요리,2011-01-01
2012,0.0,_오징어,t,0.0,요리,2012-01-01
2013,0.0,_오징어,t,0.0,요리,2013-01-01
2014,5.0,_오징어,t,0.0,요리,2014-01-01
2015,7.0,_오징어,t,5.0,요리,2015-01-01
2016,8.0,_오징어,t,7.0,요리,2016-01-01
2017,29.0,_오징어,t,8.0,요리,2017-01-01
2018,50.0,_오징어,t,29.0,요리,2018-01-01
2019,141.0,_오징어,t,50.0,요리,2019-01-01
2020,198.0,_오징어,t,141.0,요리,2020-01-01
2021,29.0,_오징어,t,198.0,요리,2021-01-01
2007,0.0,_어묵,t,,요리,2007-01-01
2008,0.0,_어묵,t,0.0,요리,2008-01-01
2009,0.0,_어묵,t,0.0,요리,2009-01-01
2010,0.0,_어묵,t,0.0,요리,2010-01-01
2011,0.0,_어묵,t,0.0,요리,2011-01-01
2012,0.0,_어묵,t,0.0,요리,2012-01-01
2013,0.0,_어묵,t,0.0,요리,2013-01-01
2014,5.0,_어묵,t,0.0,요리,2014-01-01
2015,5.0,_어묵,t,5.0,요리,2015-01-01
2016,5.0,_어묵,t,5.0,요리,2016-01-01
2017,34.0,_어묵,t,5.0,요리,2017-01-01
2018,35.0,_어묵,t,34.0,요리,2018-01-01
2019,109.0,_어묵,t,35.0,요리,2019-01-01
2020,156.0,_어묵,t,109.0,요리,2020-01-01
2021,38.0,_어묵,t,156.0,요리,2021-01-01
2007,0.0,_건강,t,,요리,2007-01-01
2008,0.0,_건강,t,0.0,요리,2008-01-01
2009,0.0,_건강,t,0.0,요리,2009-01-01
2010,0.0,_건강,t,0.0,요리,2010-01-01
2011,0.0,_건강,t,0.0,요리,2011-01-01
2012,0.0,_건강,t,0.0,요리,2012-01-01
2013,0.0,_건강,t,0.0,요리,2013-01-01
2014,2.0,_건강,t,0.0,요리,2014-01-01
2015,1.0,_건강,t,2.0,요리,2015-01-01
2016,19.0,_건강,t,1.0,요리,2016-01-01
2017,43.0,_건강,t,19.0,요리,2017-01-01
2018,94.0,_건강,t,43.0,요리,2018-01-01
2019,183.0,_건강,t,94.0,요리,2019-01-01
2020,294.0,_건강,t,183.0,요리,2020-01-01
2021,72.0,_건강,t,294.0,요리,2021-01-01
2007,0.0,_다이어트,t,,요리,2007-01-01
2008,0.0,_다이어트,t,0.0,요리,2008-01-01
2009,0.0,_다이어트,t,0.0,요리,2009-01-01
2010,0.0,_다이어트,t,0.0,요리,2010-01-01
2011,0.0,_다이어트,t,0.0,요리,2011-01-01
2012,0.0,_다이어트,t,0.0,요리,2012-01-01
2013,0.0,_다이어트,t,0.0,요리,2013-01-01
2014,2.0,_다이어트,t,0.0,요리,2014-01-01
2015,1.0,_다이어트,t,2.0,요리,2015-01-01
2016,2.0,_다이어트,t,1.0,요리,2016-01-01
2017,5.0,_다이어트,t,2.0,요리,2017-01-01
2018,11.0,_다이어트,t,5.0,요리,2018-01-01
2019,97.0,_다이어트,t,11.0,요리,2019-01-01
2020,220.0,_다이어트,t,97.0,요리,2020-01-01
2021,37.0,_다이어트,t,220.0,요리,2021-01-01
2007,0.0,_샐러드,t,,요리,2007-01-01
2008,0.0,_샐러드,t,0.0,요리,2008-01-01
2009,0.0,_샐러드,t,0.0,요리,2009-01-01
2010,0.0,_샐러드,t,0.0,요리,2010-01-01
2011,0.0,_샐러드,t,0.0,요리,2011-01-01
2012,0.0,_샐러드,t,0.0,요리,2012-01-01
2013,0.0,_샐러드,t,0.0,요리,2013-01-01
2014,5.0,_샐러드,t,0.0,요리,2014-01-01
2015,8.0,_샐러드,t,5.0,요리,2015-01-01
2016,9.0,_샐러드,t,8.0,요리,2016-01-01
2017,26.0,_샐러드,t,9.0,요리,2017-01-01
2018,34.0,_샐러드,t,26.0,요리,2018-01-01
2019,106.0,_샐러드,t,34.0,요리,2019-01-01
2020,161.0,_샐러드,t,106.0,요리,2020-01-01
2021,28.0,_샐러드,t,161.0,요리,2021-01-01
2007,0.0,_고기,t,,요리,2007-01-01
2008,0.0,_고기,t,0.0,요리,2008-01-01
2009,0.0,_고기,t,0.0,요리,2009-01-01
2010,0.0,_고기,t,0.0,요리,2010-01-01
2011,0.0,_고기,t,0.0,요리,2011-01-01
2012,0.0,_고기,t,0.0,요리,2012-01-01
2013,1.0,_고기,t,0.0,요리,2013-01-01
2014,42.0,_고기,t,1.0,요리,2014-01-01
2015,36.0,_고기,t,42.0,요리,2015-01-01
2016,29.0,_고기,t,36.0,요리,2016-01-01
2017,89.0,_고기,t,29.0,요리,2017-01-01
2018,142.0,_고기,t,89.0,요리,2018-01-01
2019,524.0,_고기,t,142.0,요리,2019-01-01
2020,759.0,_고기,t,524.0,요리,2020-01-01
2021,167.0,_고기,t,759.0,요리,2021-01-01
2007,0.0,_고추,t,,요리,2007-01-01
2008,0.0,_고추,t,0.0,요리,2008-01-01
2009,0.0,_고추,t,0.0,요리,2009-01-01
2010,0.0,_고추,t,0.0,요리,2010-01-01
2011,0.0,_고추,t,0.0,요리,2011-01-01
2012,0.0,_고추,t,0.0,요리,2012-01-01
2013,0.0,_고추,t,0.0,요리,2013-01-01
2014,7.0,_고추,t,0.0,요리,2014-01-01
2015,4.0,_고추,t,7.0,요리,2015-01-01
2016,13.0,_고추,t,4.0,요리,2016-01-01
2017,34.0,_고추,t,13.0,요리,2017-01-01
2018,59.0,_고추,t,34.0,요리,2018-01-01
2019,294.0,_고추,t,59.0,요리,2019-01-01
2020,423.0,_고추,t,294.0,요리,2020-01-01
2021,71.0,_고추,t,423.0,요리,2021-01-01
2007,0.0,_명절,t,,요리,2007-01-01
2008,0.0,_명절,t,0.0,요리,2008-01-01
2009,0.0,_명절,t,0.0,요리,2009-01-01
2010,0.0,_명절,t,0.0,요리,2010-01-01
2011,0.0,_명절,t,0.0,요리,2011-01-01
2012,0.0,_명절,t,0.0,요리,2012-01-01
2013,0.0,_명절,t,0.0,요리,2013-01-01
2014,0.0,_명절,t,0.0,요리,2014-01-01
2015,2.0,_명절,t,0.0,요리,2015-01-01
2016,2.0,_명절,t,2.0,요리,2016-01-01
2017,1.0,_명절,t,2.0,요리,2017-01-01
2018,11.0,_명절,t,1.0,요리,2018-01-01
2019,102.0,_명절,t,11.0,요리,2019-01-01
2020,112.0,_명절,t,102.0,요리,2020-01-01
2021,94.0,_명절,t,112.0,요리,2021-01-01
2007,0.0,_양식,t,,요리,2007-01-01
2008,0.0,_양식,t,0.0,요리,2008-01-01
2009,0.0,_양식,t,0.0,요리,2009-01-01
2010,0.0,_양식,t,0.0,요리,2010-01-01
2011,0.0,_양식,t,0.0,요리,2011-01-01
2012,0.0,_양식,t,0.0,요리,2012-01-01
2013,1.0,_양식,t,0.0,요리,2013-01-01
2014,0.0,_양식,t,1.0,요리,2014-01-01
2015,1.0,_양식,t,0.0,요리,2015-01-01
2016,2.0,_양식,t,1.0,요리,2016-01-01
2017,41.0,_양식,t,2.0,요리,2017-01-01
2018,62.0,_양식,t,41.0,요리,2018-01-01
2019,109.0,_양식,t,62.0,요리,2019-01-01
2020,184.0,_양식,t,109.0,요리,2020-01-01
2021,19.0,_양식,t,184.0,요리,2021-01-01
2007,0.0,_피자,t,,요리,2007-01-01
2008,0.0,_피자,t,0.0,요리,2008-01-01
2009,0.0,_피자,t,0.0,요리,2009-01-01
2010,0.0,_피자,t,0.0,요리,2010-01-01
2011,0.0,_피자,t,0.0,요리,2011-01-01
2012,0.0,_피자,t,0.0,요리,2012-01-01
2013,0.0,_피자,t,0.0,요리,2013-01-01
2014,17.0,_피자,t,0.0,요리,2014-01-01
2015,19.0,_피자,t,17.0,요리,2015-01-01
2016,19.0,_피자,t,19.0,요리,2016-01-01
2017,41.0,_피자,t,19.0,요리,2017-01-01
2018,32.0,_피자,t,41.0,요리,2018-01-01
2019,81.0,_피자,t,32.0,요리,2019-01-01
2020,109.0,_피자,t,81.0,요리,2020-01-01
2021,29.0,_피자,t,109.0,요리,2021-01-01
2007,0.0,_돼지,t,,요리,2007-01-01
2008,0.0,_돼지,t,0.0,요리,2008-01-01
2009,0.0,_돼지,t,0.0,요리,2009-01-01
2010,0.0,_돼지,t,0.0,요리,2010-01-01
2011,0.0,_돼지,t,0.0,요리,2011-01-01
2012,0.0,_돼지,t,0.0,요리,2012-01-01
2013,0.0,_돼지,t,0.0,요리,2013-01-01
2014,14.0,_돼지,t,0.0,요리,2014-01-01
2015,8.0,_돼지,t,14.0,요리,2015-01-01
2016,11.0,_돼지,t,8.0,요리,2016-01-01
2017,32.0,_돼지,t,11.0,요리,2017-01-01
2018,78.0,_돼지,t,32.0,요리,2018-01-01
2019,261.0,_돼지,t,78.0,요리,2019-01-01
2020,360.0,_돼지,t,261.0,요리,2020-01-01
2021,87.0,_돼지,t,360.0,요리,2021-01-01
2007,0.0,_마늘,t,,요리,2007-01-01
2008,0.0,_마늘,t,0.0,요리,2008-01-01
2009,0.0,_마늘,t,0.0,요리,2009-01-01
2010,0.0,_마늘,t,0.0,요리,2010-01-01
2011,0.0,_마늘,t,0.0,요리,2011-01-01
2012,0.0,_마늘,t,0.0,요리,2012-01-01
2013,0.0,_마늘,t,0.0,요리,2013-01-01
2014,4.0,_마늘,t,0.0,요리,2014-01-01
2015,1.0,_마늘,t,4.0,요리,2015-01-01
2016,7.0,_마늘,t,1.0,요리,2016-01-01
2017,14.0,_마늘,t,7.0,요리,2017-01-01
2018,23.0,_마늘,t,14.0,요리,2018-01-01
2019,101.0,_마늘,t,23.0,요리,2019-01-01
2020,192.0,_마늘,t,101.0,요리,2020-01-01
2021,32.0,_마늘,t,192.0,요리,2021-01-01
2007,0.0,_라면,t,,요리,2007-01-01
2008,0.0,_라면,t,0.0,요리,2008-01-01
2009,0.0,_라면,t,0.0,요리,2009-01-01
2010,0.0,_라면,t,0.0,요리,2010-01-01
2011,0.0,_라면,t,0.0,요리,2011-01-01
2012,0.0,_라면,t,0.0,요리,2012-01-01
2013,1.0,_라면,t,0.0,요리,2013-01-01
2014,36.0,_라면,t,1.0,요리,2014-01-01
2015,25.0,_라면,t,36.0,요리,2015-01-01
2016,20.0,_라면,t,25.0,요리,2016-01-01
2017,70.0,_라면,t,20.0,요리,2017-01-01
2018,108.0,_라면,t,70.0,요리,2018-01-01
2019,258.0,_라면,t,108.0,요리,2019-01-01
2020,403.0,_라면,t,258.0,요리,2020-01-01
2021,88.0,_라면,t,403.0,요리,2021-01-01
2007,0.0,_김치찌개,t,,요리,2007-01-01
2008,0.0,_김치찌개,t,0.0,요리,2008-01-01
2009,0.0,_김치찌개,t,0.0,요리,2009-01-01
2010,0.0,_김치찌개,t,0.0,요리,2010-01-01
2011,0.0,_김치찌개,t,0.0,요리,2011-01-01
2012,0.0,_김치찌개,t,0.0,요리,2012-01-01
2013,0.0,_김치찌개,t,0.0,요리,2013-01-01
2014,9.0,_김치찌개,t,0.0,요리,2014-01-01
2015,20.0,_김치찌개,t,9.0,요리,2015-01-01
2016,6.0,_김치찌개,t,20.0,요리,2016-01-01
2017,44.0,_김치찌개,t,6.0,요리,2017-01-01
2018,38.0,_김치찌개,t,44.0,요리,2018-01-01
2019,103.0,_김치찌개,t,38.0,요리,2019-01-01
2020,99.0,_김치찌개,t,103.0,요리,2020-01-01
2021,14.0,_김치찌개,t,99.0,요리,2021-01-01
2007,0.0,_주식,t,,재테크,2007-01-01
2008,0.0,_주식,t,0.0,재테크,2008-01-01
2009,0.0,_주식,t,0.0,재테크,2009-01-01
2010,0.0,_주식,t,0.0,재테크,2010-01-01
2011,0.0,_주식,t,0.0,재테크,2011-01-01
2012,0.0,_주식,t,0.0,재테크,2012-01-01
2013,99.0,_주식,t,0.0,재테크,2013-01-01
2014,80.0,_주식,t,99.0,재테크,2014-01-01
2015,97.0,_주식,t,80.0,재테크,2015-01-01
2016,129.0,_주식,t,97.0,재테크,2016-01-01
2017,141.0,_주식,t,129.0,재테크,2017-01-01
2018,281.0,_주식,t,141.0,재테크,2018-01-01
2019,650.0,_주식,t,281.0,재테크,2019-01-01
2020,2096.0,_주식,t,650.0,재테크,2020-01-01
2021,1127.0,_주식,t,2096.0,재테크,2021-01-01
2007,0.0,_부동산,t,,재테크,2007-01-01
2008,0.0,_부동산,t,0.0,재테크,2008-01-01
2009,0.0,_부동산,t,0.0,재테크,2009-01-01
2010,0.0,_부동산,t,0.0,재테크,2010-01-01
2011,0.0,_부동산,t,0.0,재테크,2011-01-01
2012,0.0,_부동산,t,0.0,재테크,2012-01-01
2013,3.0,_부동산,t,0.0,재테크,2013-01-01
2014,1.0,_부동산,t,3.0,재테크,2014-01-01
2015,18.0,_부동산,t,1.0,재테크,2015-01-01
2016,3.0,_부동산,t,18.0,재테크,2016-01-01
2017,101.0,_부동산,t,3.0,재테크,2017-01-01
2018,303.0,_부동산,t,101.0,재테크,2018-01-01
2019,725.0,_부동산,t,303.0,재테크,2019-01-01
2020,1800.0,_부동산,t,725.0,재테크,2020-01-01
2021,534.0,_부동산,t,1800.0,재테크,2021-01-01
2007,0.0,_전망,t,,재테크,2007-01-01
2008,0.0,_전망,t,0.0,재테크,2008-01-01
2009,0.0,_전망,t,0.0,재테크,2009-01-01
2010,0.0,_전망,t,0.0,재테크,2010-01-01
2011,0.0,_전망,t,0.0,재테크,2011-01-01
2012,0.0,_전망,t,0.0,재테크,2012-01-01
2013,0.0,_전망,t,0.0,재테크,2013-01-01
2014,0.0,_전망,t,0.0,재테크,2014-01-01
2015,5.0,_전망,t,0.0,재테크,2015-01-01
2016,3.0,_전망,t,5.0,재테크,2016-01-01
2017,9.0,_전망,t,3.0,재테크,2017-01-01
2018,61.0,_전망,t,9.0,재테크,2018-01-01
2019,189.0,_전망,t,61.0,재테크,2019-01-01
2020,989.0,_전망,t,189.0,재테크,2020-01-01
2021,370.0,_전망,t,989.0,재테크,2021-01-01
2007,0.0,_미국,t,,재테크,2007-01-01
2008,0.0,_미국,t,0.0,재테크,2008-01-01
2009,0.0,_미국,t,0.0,재테크,2009-01-01
2010,0.0,_미국,t,0.0,재테크,2010-01-01
2011,0.0,_미국,t,0.0,재테크,2011-01-01
2012,0.0,_미국,t,0.0,재테크,2012-01-01
2013,0.0,_미국,t,0.0,재테크,2013-01-01
2014,3.0,_미국,t,0.0,재테크,2014-01-01
2015,1.0,_미국,t,3.0,재테크,2015-01-01
2016,4.0,_미국,t,1.0,재테크,2016-01-01
2017,5.0,_미국,t,4.0,재테크,2017-01-01
2018,43.0,_미국,t,5.0,재테크,2018-01-01
2019,80.0,_미국,t,43.0,재테크,2019-01-01
2020,491.0,_미국,t,80.0,재테크,2020-01-01
2021,266.0,_미국,t,491.0,재테크,2021-01-01
2007,0.0,_부자,t,,재테크,2007-01-01
2008,0.0,_부자,t,0.0,재테크,2008-01-01
2009,0.0,_부자,t,0.0,재테크,2009-01-01
2010,0.0,_부자,t,0.0,재테크,2010-01-01
2011,0.0,_부자,t,0.0,재테크,2011-01-01
2012,0.0,_부자,t,0.0,재테크,2012-01-01
2013,33.0,_부자,t,0.0,재테크,2013-01-01
2014,3.0,_부자,t,33.0,재테크,2014-01-01
2015,19.0,_부자,t,3.0,재테크,2015-01-01
2016,23.0,_부자,t,19.0,재테크,2016-01-01
2017,48.0,_부자,t,23.0,재테크,2017-01-01
2018,114.0,_부자,t,48.0,재테크,2018-01-01
2019,296.0,_부자,t,114.0,재테크,2019-01-01
2020,556.0,_부자,t,296.0,재테크,2020-01-01
2021,103.0,_부자,t,556.0,재테크,2021-01-01
2007,0.0,_경제,t,,재테크,2007-01-01
2008,0.0,_경제,t,0.0,재테크,2008-01-01
2009,0.0,_경제,t,0.0,재테크,2009-01-01
2010,0.0,_경제,t,0.0,재테크,2010-01-01
2011,0.0,_경제,t,0.0,재테크,2011-01-01
2012,0.0,_경제,t,0.0,재테크,2012-01-01
2013,1.0,_경제,t,0.0,재테크,2013-01-01
2014,3.0,_경제,t,1.0,재테크,2014-01-01
2015,7.0,_경제,t,3.0,재테크,2015-01-01
2016,1.0,_경제,t,7.0,재테크,2016-01-01
2017,14.0,_경제,t,1.0,재테크,2017-01-01
2018,108.0,_경제,t,14.0,재테크,2018-01-01
2019,422.0,_경제,t,108.0,재테크,2019-01-01
2020,1646.0,_경제,t,422.0,재테크,2020-01-01
2021,795.0,_경제,t,1646.0,재테크,2021-01-01
2007,0.0,_수익,t,,재테크,2007-01-01
2008,0.0,_수익,t,0.0,재테크,2008-01-01
2009,0.0,_수익,t,0.0,재테크,2009-01-01
2010,0.0,_수익,t,0.0,재테크,2010-01-01
2011,0.0,_수익,t,0.0,재테크,2011-01-01
2012,0.0,_수익,t,0.0,재테크,2012-01-01
2013,0.0,_수익,t,0.0,재테크,2013-01-01
2014,3.0,_수익,t,0.0,재테크,2014-01-01
2015,6.0,_수익,t,3.0,재테크,2015-01-01
2016,15.0,_수익,t,6.0,재테크,2016-01-01
2017,16.0,_수익,t,15.0,재테크,2017-01-01
2018,133.0,_수익,t,16.0,재테크,2018-01-01
2019,231.0,_수익,t,133.0,재테크,2019-01-01
2020,504.0,_수익,t,231.0,재테크,2020-01-01
2021,172.0,_수익,t,504.0,재테크,2021-01-01
2007,0.0,_바이오,t,,재테크,2007-01-01
2008,0.0,_바이오,t,0.0,재테크,2008-01-01
2009,0.0,_바이오,t,0.0,재테크,2009-01-01
2010,0.0,_바이오,t,0.0,재테크,2010-01-01
2011,0.0,_바이오,t,0.0,재테크,2011-01-01
2012,0.0,_바이오,t,0.0,재테크,2012-01-01
2013,1.0,_바이오,t,0.0,재테크,2013-01-01
2014,0.0,_바이오,t,1.0,재테크,2014-01-01
2015,1.0,_바이오,t,0.0,재테크,2015-01-01
2016,6.0,_바이오,t,1.0,재테크,2016-01-01
2017,3.0,_바이오,t,6.0,재테크,2017-01-01
2018,44.0,_바이오,t,3.0,재테크,2018-01-01
2019,140.0,_바이오,t,44.0,재테크,2019-01-01
2020,494.0,_바이오,t,140.0,재테크,2020-01-01
2021,238.0,_바이오,t,494.0,재테크,2021-01-01
2007,0.0,_삼성전자,t,,재테크,2007-01-01
2008,0.0,_삼성전자,t,0.0,재테크,2008-01-01
2009,0.0,_삼성전자,t,0.0,재테크,2009-01-01
2010,0.0,_삼성전자,t,0.0,재테크,2010-01-01
2011,0.0,_삼성전자,t,0.0,재테크,2011-01-01
2012,1.0,_삼성전자,t,0.0,재테크,2012-01-01
2013,0.0,_삼성전자,t,1.0,재테크,2013-01-01
2014,0.0,_삼성전자,t,0.0,재테크,2014-01-01
2015,0.0,_삼성전자,t,0.0,재테크,2015-01-01
2016,4.0,_삼성전자,t,0.0,재테크,2016-01-01
2017,9.0,_삼성전자,t,4.0,재테크,2017-01-01
2018,14.0,_삼성전자,t,9.0,재테크,2018-01-01
2019,58.0,_삼성전자,t,14.0,재테크,2019-01-01
2020,442.0,_삼성전자,t,58.0,재테크,2020-01-01
2021,210.0,_삼성전자,t,442.0,재테크,2021-01-01
2007,0.0,_비트코인,t,,재테크,2007-01-01
2008,0.0,_비트코인,t,0.0,재테크,2008-01-01
2009,0.0,_비트코인,t,0.0,재테크,2009-01-01
2010,0.0,_비트코인,t,0.0,재테크,2010-01-01
2011,0.0,_비트코인,t,0.0,재테크,2011-01-01
2012,0.0,_비트코인,t,0.0,재테크,2012-01-01
2013,0.0,_비트코인,t,0.0,재테크,2013-01-01
2014,0.0,_비트코인,t,0.0,재테크,2014-01-01
2015,0.0,_비트코인,t,0.0,재테크,2015-01-01
2016,0.0,_비트코인,t,0.0,재테크,2016-01-01
2017,5.0,_비트코인,t,0.0,재테크,2017-01-01
2018,27.0,_비트코인,t,5.0,재테크,2018-01-01
2019,273.0,_비트코인,t,27.0,재테크,2019-01-01
2020,192.0,_비트코인,t,273.0,재테크,2020-01-01
2021,154.0,_비트코인,t,192.0,재테크,2021-01-01
2007,0.0,_한국,t,,재테크,2007-01-01
2008,0.0,_한국,t,0.0,재테크,2008-01-01
2009,0.0,_한국,t,0.0,재테크,2009-01-01
2010,0.0,_한국,t,0.0,재테크,2010-01-01
2011,0.0,_한국,t,0.0,재테크,2011-01-01
2012,1.0,_한국,t,0.0,재테크,2012-01-01
2013,0.0,_한국,t,1.0,재테크,2013-01-01
2014,2.0,_한국,t,0.0,재테크,2014-01-01
2015,7.0,_한국,t,2.0,재테크,2015-01-01
2016,16.0,_한국,t,7.0,재테크,2016-01-01
2017,14.0,_한국,t,16.0,재테크,2017-01-01
2018,58.0,_한국,t,14.0,재테크,2018-01-01
2019,223.0,_한국,t,58.0,재테크,2019-01-01
2020,1644.0,_한국,t,223.0,재테크,2020-01-01
2021,859.0,_한국,t,1644.0,재테크,2021-01-01
2007,0.0,_폭락,t,,재테크,2007-01-01
2008,0.0,_폭락,t,0.0,재테크,2008-01-01
2009,0.0,_폭락,t,0.0,재테크,2009-01-01
2010,0.0,_폭락,t,0.0,재테크,2010-01-01
2011,0.0,_폭락,t,0.0,재테크,2011-01-01
2012,0.0,_폭락,t,0.0,재테크,2012-01-01
2013,0.0,_폭락,t,0.0,재테크,2013-01-01
2014,1.0,_폭락,t,0.0,재테크,2014-01-01
2015,0.0,_폭락,t,1.0,재테크,2015-01-01
2016,0.0,_폭락,t,0.0,재테크,2016-01-01
2017,2.0,_폭락,t,0.0,재테크,2017-01-01
2018,19.0,_폭락,t,2.0,재테크,2018-01-01
2019,49.0,_폭락,t,19.0,재테크,2019-01-01
2020,273.0,_폭락,t,49.0,재테크,2020-01-01
2021,125.0,_폭락,t,273.0,재테크,2021-01-01
2007,0.0,_제약,t,,재테크,2007-01-01
2008,0.0,_제약,t,0.0,재테크,2008-01-01
2009,0.0,_제약,t,0.0,재테크,2009-01-01
2010,0.0,_제약,t,0.0,재테크,2010-01-01
2011,0.0,_제약,t,0.0,재테크,2011-01-01
2012,0.0,_제약,t,0.0,재테크,2012-01-01
2013,0.0,_제약,t,0.0,재테크,2013-01-01
2014,0.0,_제약,t,0.0,재테크,2014-01-01
2015,1.0,_제약,t,0.0,재테크,2015-01-01
2016,7.0,_제약,t,1.0,재테크,2016-01-01
2017,0.0,_제약,t,7.0,재테크,2017-01-01
2018,19.0,_제약,t,0.0,재테크,2018-01-01
2019,39.0,_제약,t,19.0,재테크,2019-01-01
2020,374.0,_제약,t,39.0,재테크,2020-01-01
2021,95.0,_제약,t,374.0,재테크,2021-01-01
2007,0.0,_테슬라,t,,재테크,2007-01-01
2008,0.0,_테슬라,t,0.0,재테크,2008-01-01
2009,0.0,_테슬라,t,0.0,재테크,2009-01-01
2010,0.0,_테슬라,t,0.0,재테크,2010-01-01
2011,0.0,_테슬라,t,0.0,재테크,2011-01-01
2012,0.0,_테슬라,t,0.0,재테크,2012-01-01
2013,0.0,_테슬라,t,0.0,재테크,2013-01-01
2014,0.0,_테슬라,t,0.0,재테크,2014-01-01
2015,0.0,_테슬라,t,0.0,재테크,2015-01-01
2016,0.0,_테슬라,t,0.0,재테크,2016-01-01
2017,0.0,_테슬라,t,0.0,재테크,2017-01-01
2018,1.0,_테슬라,t,0.0,재테크,2018-01-01
2019,8.0,_테슬라,t,1.0,재테크,2019-01-01
2020,255.0,_테슬라,t,8.0,재테크,2020-01-01
2021,107.0,_테슬라,t,255.0,재테크,2021-01-01
2007,0.0,_달러,t,,재테크,2007-01-01
2008,0.0,_달러,t,0.0,재테크,2008-01-01
2009,0.0,_달러,t,0.0,재테크,2009-01-01
2010,0.0,_달러,t,0.0,재테크,2010-01-01
2011,0.0,_달러,t,0.0,재테크,2011-01-01
2012,0.0,_달러,t,0.0,재테크,2012-01-01
2013,0.0,_달러,t,0.0,재테크,2013-01-01
2014,0.0,_달러,t,0.0,재테크,2014-01-01
2015,0.0,_달러,t,0.0,재테크,2015-01-01
2016,2.0,_달러,t,0.0,재테크,2016-01-01
2017,3.0,_달러,t,2.0,재테크,2017-01-01
2018,11.0,_달러,t,3.0,재테크,2018-01-01
2019,107.0,_달러,t,11.0,재테크,2019-01-01
2020,262.0,_달러,t,107.0,재테크,2020-01-01
2021,49.0,_달러,t,262.0,재테크,2021-01-01
2007,0.0,_청약,t,,재테크,2007-01-01
2008,0.0,_청약,t,0.0,재테크,2008-01-01
2009,0.0,_청약,t,0.0,재테크,2009-01-01
2010,0.0,_청약,t,0.0,재테크,2010-01-01
2011,0.0,_청약,t,0.0,재테크,2011-01-01
2012,0.0,_청약,t,0.0,재테크,2012-01-01
2013,0.0,_청약,t,0.0,재테크,2013-01-01
2014,0.0,_청약,t,0.0,재테크,2014-01-01
2015,0.0,_청약,t,0.0,재테크,2015-01-01
2016,0.0,_청약,t,0.0,재테크,2016-01-01
2017,1.0,_청약,t,0.0,재테크,2017-01-01
2018,4.0,_청약,t,1.0,재테크,2018-01-01
2019,41.0,_청약,t,4.0,재테크,2019-01-01
2020,312.0,_청약,t,41.0,재테크,2020-01-01
2021,85.0,_청약,t,312.0,재테크,2021-01-01
2007,0.0,_경매,t,,재테크,2007-01-01
2008,0.0,_경매,t,0.0,재테크,2008-01-01
2009,0.0,_경매,t,0.0,재테크,2009-01-01
2010,0.0,_경매,t,0.0,재테크,2010-01-01
2011,0.0,_경매,t,0.0,재테크,2011-01-01
2012,0.0,_경매,t,0.0,재테크,2012-01-01
2013,1.0,_경매,t,0.0,재테크,2013-01-01
2014,0.0,_경매,t,1.0,재테크,2014-01-01
2015,8.0,_경매,t,0.0,재테크,2015-01-01
2016,27.0,_경매,t,8.0,재테크,2016-01-01
2017,128.0,_경매,t,27.0,재테크,2017-01-01
2018,65.0,_경매,t,128.0,재테크,2018-01-01
2019,168.0,_경매,t,65.0,재테크,2019-01-01
2020,434.0,_경매,t,168.0,재테크,2020-01-01
2021,46.0,_경매,t,434.0,재테크,2021-01-01
2007,0.0,_분양,t,,재테크,2007-01-01
2008,0.0,_분양,t,0.0,재테크,2008-01-01
2009,0.0,_분양,t,0.0,재테크,2009-01-01
2010,0.0,_분양,t,0.0,재테크,2010-01-01
2011,0.0,_분양,t,0.0,재테크,2011-01-01
2012,0.0,_분양,t,0.0,재테크,2012-01-01
2013,0.0,_분양,t,0.0,재테크,2013-01-01
2014,0.0,_분양,t,0.0,재테크,2014-01-01
2015,1.0,_분양,t,0.0,재테크,2015-01-01
2016,1.0,_분양,t,1.0,재테크,2016-01-01
2017,0.0,_분양,t,1.0,재테크,2017-01-01
2018,12.0,_분양,t,0.0,재테크,2018-01-01
2019,75.0,_분양,t,12.0,재테크,2019-01-01
2020,255.0,_분양,t,75.0,재테크,2020-01-01
2021,56.0,_분양,t,255.0,재테크,2021-01-01
2007,0.0,_중국,t,,재테크,2007-01-01
2008,0.0,_중국,t,0.0,재테크,2008-01-01
2009,0.0,_중국,t,0.0,재테크,2009-01-01
2010,0.0,_중국,t,0.0,재테크,2010-01-01
2011,0.0,_중국,t,0.0,재테크,2011-01-01
2012,1.0,_중국,t,0.0,재테크,2012-01-01
2013,0.0,_중국,t,1.0,재테크,2013-01-01
2014,3.0,_중국,t,0.0,재테크,2014-01-01
2015,7.0,_중국,t,3.0,재테크,2015-01-01
2016,5.0,_중국,t,7.0,재테크,2016-01-01
2017,3.0,_중국,t,5.0,재테크,2017-01-01
2018,43.0,_중국,t,3.0,재테크,2018-01-01
2019,67.0,_중국,t,43.0,재테크,2019-01-01
2020,156.0,_중국,t,67.0,재테크,2020-01-01
2021,103.0,_중국,t,156.0,재테크,2021-01-01
2007,0.0,_고수,t,,재테크,2007-01-01
2008,0.0,_고수,t,0.0,재테크,2008-01-01
2009,0.0,_고수,t,0.0,재테크,2009-01-01
2010,0.0,_고수,t,0.0,재테크,2010-01-01
2011,0.0,_고수,t,0.0,재테크,2011-01-01
2012,0.0,_고수,t,0.0,재테크,2012-01-01
2013,0.0,_고수,t,0.0,재테크,2013-01-01
2014,1.0,_고수,t,0.0,재테크,2014-01-01
2015,2.0,_고수,t,1.0,재테크,2015-01-01
2016,5.0,_고수,t,2.0,재테크,2016-01-01
2017,3.0,_고수,t,5.0,재테크,2017-01-01
2018,17.0,_고수,t,3.0,재테크,2018-01-01
2019,143.0,_고수,t,17.0,재테크,2019-01-01
2020,156.0,_고수,t,143.0,재테크,2020-01-01
2021,67.0,_고수,t,156.0,재테크,2021-01-01
2007,0.0,_금리,t,,재테크,2007-01-01
2008,0.0,_금리,t,0.0,재테크,2008-01-01
2009,0.0,_금리,t,0.0,재테크,2009-01-01
2010,0.0,_금리,t,0.0,재테크,2010-01-01
2011,0.0,_금리,t,0.0,재테크,2011-01-01
2012,0.0,_금리,t,0.0,재테크,2012-01-01
2013,0.0,_금리,t,0.0,재테크,2013-01-01
2014,0.0,_금리,t,0.0,재테크,2014-01-01
2015,2.0,_금리,t,0.0,재테크,2015-01-01
2016,4.0,_금리,t,2.0,재테크,2016-01-01
2017,7.0,_금리,t,4.0,재테크,2017-01-01
2018,42.0,_금리,t,7.0,재테크,2018-01-01
2019,76.0,_금리,t,42.0,재테크,2019-01-01
2020,106.0,_금리,t,76.0,재테크,2020-01-01
2021,124.0,_금리,t,106.0,재테크,2021-01-01
2007,0.0,_보험,t,,재테크,2007-01-01
2008,0.0,_보험,t,0.0,재테크,2008-01-01
2009,0.0,_보험,t,0.0,재테크,2009-01-01
2010,0.0,_보험,t,0.0,재테크,2010-01-01
2011,0.0,_보험,t,0.0,재테크,2011-01-01
2012,0.0,_보험,t,0.0,재테크,2012-01-01
2013,1.0,_보험,t,0.0,재테크,2013-01-01
2014,3.0,_보험,t,1.0,재테크,2014-01-01
2015,3.0,_보험,t,3.0,재테크,2015-01-01
2016,18.0,_보험,t,3.0,재테크,2016-01-01
2017,8.0,_보험,t,18.0,재테크,2017-01-01
2018,34.0,_보험,t,8.0,재테크,2018-01-01
2019,39.0,_보험,t,34.0,재테크,2019-01-01
2020,95.0,_보험,t,39.0,재테크,2020-01-01
2021,36.0,_보험,t,95.0,재테크,2021-01-01
2007,0.0,_집값,t,,재테크,2007-01-01
2008,0.0,_집값,t,0.0,재테크,2008-01-01
2009,0.0,_집값,t,0.0,재테크,2009-01-01
2010,0.0,_집값,t,0.0,재테크,2010-01-01
2011,0.0,_집값,t,0.0,재테크,2011-01-01
2012,0.0,_집값,t,0.0,재테크,2012-01-01
2013,0.0,_집값,t,0.0,재테크,2013-01-01
2014,0.0,_집값,t,0.0,재테크,2014-01-01
2015,0.0,_집값,t,0.0,재테크,2015-01-01
2016,0.0,_집값,t,0.0,재테크,2016-01-01
2017,1.0,_집값,t,0.0,재테크,2017-01-01
2018,12.0,_집값,t,1.0,재테크,2018-01-01
2019,70.0,_집값,t,12.0,재테크,2019-01-01
2020,222.0,_집값,t,70.0,재테크,2020-01-01
2021,72.0,_집값,t,222.0,재테크,2021-01-01
2007,0.0,_현대차,t,,재테크,2007-01-01
2008,0.0,_현대차,t,0.0,재테크,2008-01-01
2009,0.0,_현대차,t,0.0,재테크,2009-01-01
2010,0.0,_현대차,t,0.0,재테크,2010-01-01
2011,0.0,_현대차,t,0.0,재테크,2011-01-01
2012,0.0,_현대차,t,0.0,재테크,2012-01-01
2013,0.0,_현대차,t,0.0,재테크,2013-01-01
2014,0.0,_현대차,t,0.0,재테크,2014-01-01
2015,0.0,_현대차,t,0.0,재테크,2015-01-01
2016,3.0,_현대차,t,0.0,재테크,2016-01-01
2017,1.0,_현대차,t,3.0,재테크,2017-01-01
2018,4.0,_현대차,t,1.0,재테크,2018-01-01
2019,13.0,_현대차,t,4.0,재테크,2019-01-01
2020,157.0,_현대차,t,13.0,재테크,2020-01-01
2021,140.0,_현대차,t,157.0,재테크,2021-01-01
2007,0.0,_카카오,t,,재테크,2007-01-01
2008,0.0,_카카오,t,0.0,재테크,2008-01-01
2009,0.0,_카카오,t,0.0,재테크,2009-01-01
2010,0.0,_카카오,t,0.0,재테크,2010-01-01
2011,0.0,_카카오,t,0.0,재테크,2011-01-01
2012,0.0,_카카오,t,0.0,재테크,2012-01-01
2013,0.0,_카카오,t,0.0,재테크,2013-01-01
2014,0.0,_카카오,t,0.0,재테크,2014-01-01
2015,0.0,_카카오,t,0.0,재테크,2015-01-01
2016,6.0,_카카오,t,0.0,재테크,2016-01-01
2017,5.0,_카카오,t,6.0,재테크,2017-01-01
2018,6.0,_카카오,t,5.0,재테크,2018-01-01
2019,23.0,_카카오,t,6.0,재테크,2019-01-01
2020,181.0,_카카오,t,23.0,재테크,2020-01-01
2021,76.0,_카카오,t,181.0,재테크,2021-01-01
2007,0.0,_테마,t,,재테크,2007-01-01
2008,0.0,_테마,t,0.0,재테크,2008-01-01
2009,0.0,_테마,t,0.0,재테크,2009-01-01
2010,0.0,_테마,t,0.0,재테크,2010-01-01
2011,0.0,_테마,t,0.0,재테크,2011-01-01
2012,0.0,_테마,t,0.0,재테크,2012-01-01
2013,2.0,_테마,t,0.0,재테크,2013-01-01
2014,3.0,_테마,t,2.0,재테크,2014-01-01
2015,3.0,_테마,t,3.0,재테크,2015-01-01
2016,7.0,_테마,t,3.0,재테크,2016-01-01
2017,6.0,_테마,t,7.0,재테크,2017-01-01
2018,23.0,_테마,t,6.0,재테크,2018-01-01
2019,67.0,_테마,t,23.0,재테크,2019-01-01
2020,187.0,_테마,t,67.0,재테크,2020-01-01
2021,84.0,_테마,t,187.0,재테크,2021-01-01
2007,0.0,_에뛰드,t,,화장품,2007-01-01
2008,0.0,_에뛰드,t,0.0,화장품,2008-01-01
2009,0.0,_에뛰드,t,0.0,화장품,2009-01-01
2010,0.0,_에뛰드,t,0.0,화장품,2010-01-01
2011,10.0,_에뛰드,t,0.0,화장품,2011-01-01
2012,24.0,_에뛰드,t,10.0,화장품,2012-01-01
2013,23.0,_에뛰드,t,24.0,화장품,2013-01-01
2014,54.0,_에뛰드,t,23.0,화장품,2014-01-01
2015,45.0,_에뛰드,t,54.0,화장품,2015-01-01
2016,98.0,_에뛰드,t,45.0,화장품,2016-01-01
2017,162.0,_에뛰드,t,98.0,화장품,2017-01-01
2018,174.0,_에뛰드,t,162.0,화장품,2018-01-01
2019,100.0,_에뛰드,t,174.0,화장품,2019-01-01
2020,68.0,_에뛰드,t,100.0,화장품,2020-01-01
2021,11.0,_에뛰드,t,68.0,화장품,2021-01-01
2007,0.0,_네일,t,,화장품,2007-01-01
2008,0.0,_네일,t,0.0,화장품,2008-01-01
2009,0.0,_네일,t,0.0,화장품,2009-01-01
2010,0.0,_네일,t,0.0,화장품,2010-01-01
2011,1.0,_네일,t,0.0,화장품,2011-01-01
2012,11.0,_네일,t,1.0,화장품,2012-01-01
2013,38.0,_네일,t,11.0,화장품,2013-01-01
2014,99.0,_네일,t,38.0,화장품,2014-01-01
2015,89.0,_네일,t,99.0,화장품,2015-01-01
2016,148.0,_네일,t,89.0,화장품,2016-01-01
2017,290.0,_네일,t,148.0,화장품,2017-01-01
2018,161.0,_네일,t,290.0,화장품,2018-01-01
2019,151.0,_네일,t,161.0,화장품,2019-01-01
2020,118.0,_네일,t,151.0,화장품,2020-01-01
2021,15.0,_네일,t,118.0,화장품,2021-01-01
2007,0.0,_쿠션,t,,화장품,2007-01-01
2008,0.0,_쿠션,t,0.0,화장품,2008-01-01
2009,0.0,_쿠션,t,0.0,화장품,2009-01-01
2010,0.0,_쿠션,t,0.0,화장품,2010-01-01
2011,0.0,_쿠션,t,0.0,화장품,2011-01-01
2012,0.0,_쿠션,t,0.0,화장품,2012-01-01
2013,3.0,_쿠션,t,0.0,화장품,2013-01-01
2014,9.0,_쿠션,t,3.0,화장품,2014-01-01
2015,13.0,_쿠션,t,9.0,화장품,2015-01-01
2016,58.0,_쿠션,t,13.0,화장품,2016-01-01
2017,84.0,_쿠션,t,58.0,화장품,2017-01-01
2018,72.0,_쿠션,t,84.0,화장품,2018-01-01
2019,123.0,_쿠션,t,72.0,화장품,2019-01-01
2020,94.0,_쿠션,t,123.0,화장품,2020-01-01
2021,12.0,_쿠션,t,94.0,화장품,2021-01-01
2007,0.0,_바이오,t,,화장품,2007-01-01
2008,0.0,_바이오,t,0.0,화장품,2008-01-01
2009,0.0,_바이오,t,0.0,화장품,2009-01-01
2010,1.0,_바이오,t,0.0,화장품,2010-01-01
2011,0.0,_바이오,t,1.0,화장품,2011-01-01
2012,0.0,_바이오,t,0.0,화장품,2012-01-01
2013,0.0,_바이오,t,0.0,화장품,2013-01-01
2014,0.0,_바이오,t,0.0,화장품,2014-01-01
2015,0.0,_바이오,t,0.0,화장품,2015-01-01
2016,0.0,_바이오,t,0.0,화장품,2016-01-01
2017,0.0,_바이오,t,0.0,화장품,2017-01-01
2018,3.0,_바이오,t,0.0,화장품,2018-01-01
2019,146.0,_바이오,t,3.0,화장품,2019-01-01
2020,211.0,_바이오,t,146.0,화장품,2020-01-01
2021,77.0,_바이오,t,211.0,화장품,2021-01-01
2007,0.0,_크림,t,,화장품,2007-01-01
2008,0.0,_크림,t,0.0,화장품,2008-01-01
2009,0.0,_크림,t,0.0,화장품,2009-01-01
2010,0.0,_크림,t,0.0,화장품,2010-01-01
2011,2.0,_크림,t,0.0,화장품,2011-01-01
2012,3.0,_크림,t,2.0,화장품,2012-01-01
2013,9.0,_크림,t,3.0,화장품,2013-01-01
2014,12.0,_크림,t,9.0,화장품,2014-01-01
2015,14.0,_크림,t,12.0,화장품,2015-01-01
2016,52.0,_크림,t,14.0,화장품,2016-01-01
2017,81.0,_크림,t,52.0,화장품,2017-01-01
2018,111.0,_크림,t,81.0,화장품,2018-01-01
2019,147.0,_크림,t,111.0,화장품,2019-01-01
2020,140.0,_크림,t,147.0,화장품,2020-01-01
2021,27.0,_크림,t,140.0,화장품,2021-01-01
2007,0.0,_컬러,t,,화장품,2007-01-01
2008,0.0,_컬러,t,0.0,화장품,2008-01-01
2009,0.0,_컬러,t,0.0,화장품,2009-01-01
2010,0.0,_컬러,t,0.0,화장품,2010-01-01
2011,0.0,_컬러,t,0.0,화장품,2011-01-01
2012,0.0,_컬러,t,0.0,화장품,2012-01-01
2013,2.0,_컬러,t,0.0,화장품,2013-01-01
2014,5.0,_컬러,t,2.0,화장품,2014-01-01
2015,5.0,_컬러,t,5.0,화장품,2015-01-01
2016,38.0,_컬러,t,5.0,화장품,2016-01-01
2017,111.0,_컬러,t,38.0,화장품,2017-01-01
2018,86.0,_컬러,t,111.0,화장품,2018-01-01
2019,95.0,_컬러,t,86.0,화장품,2019-01-01
2020,76.0,_컬러,t,95.0,화장품,2020-01-01
2021,6.0,_컬러,t,76.0,화장품,2021-01-01
2007,0.0,_여드름,t,,화장품,2007-01-01
2008,0.0,_여드름,t,0.0,화장품,2008-01-01
2009,0.0,_여드름,t,0.0,화장품,2009-01-01
2010,0.0,_여드름,t,0.0,화장품,2010-01-01
2011,0.0,_여드름,t,0.0,화장품,2011-01-01
2012,0.0,_여드름,t,0.0,화장품,2012-01-01
2013,0.0,_여드름,t,0.0,화장품,2013-01-01
2014,1.0,_여드름,t,0.0,화장품,2014-01-01
2015,2.0,_여드름,t,1.0,화장품,2015-01-01
2016,63.0,_여드름,t,2.0,화장품,2016-01-01
2017,77.0,_여드름,t,63.0,화장품,2017-01-01
2018,66.0,_여드름,t,77.0,화장품,2018-01-01
2019,65.0,_여드름,t,66.0,화장품,2019-01-01
2020,85.0,_여드름,t,65.0,화장품,2020-01-01
2021,4.0,_여드름,t,85.0,화장품,2021-01-01
2007,0.0,_틴트,t,,화장품,2007-01-01
2008,0.0,_틴트,t,0.0,화장품,2008-01-01
2009,0.0,_틴트,t,0.0,화장품,2009-01-01
2010,0.0,_틴트,t,0.0,화장품,2010-01-01
2011,0.0,_틴트,t,0.0,화장품,2011-01-01
2012,0.0,_틴트,t,0.0,화장품,2012-01-01
2013,3.0,_틴트,t,0.0,화장품,2013-01-01
2014,2.0,_틴트,t,3.0,화장품,2014-01-01
2015,9.0,_틴트,t,2.0,화장품,2015-01-01
2016,25.0,_틴트,t,9.0,화장품,2016-01-01
2017,53.0,_틴트,t,25.0,화장품,2017-01-01
2018,82.0,_틴트,t,53.0,화장품,2018-01-01
2019,122.0,_틴트,t,82.0,화장품,2019-01-01
2020,57.0,_틴트,t,122.0,화장품,2020-01-01
2021,4.0,_틴트,t,57.0,화장품,2021-01-01
2007,0.0,_제거,t,,화장품,2007-01-01
2008,0.0,_제거,t,0.0,화장품,2008-01-01
2009,0.0,_제거,t,0.0,화장품,2009-01-01
2010,0.0,_제거,t,0.0,화장품,2010-01-01
2011,0.0,_제거,t,0.0,화장품,2011-01-01
2012,1.0,_제거,t,0.0,화장품,2012-01-01
2013,1.0,_제거,t,1.0,화장품,2013-01-01
2014,1.0,_제거,t,1.0,화장품,2014-01-01
2015,1.0,_제거,t,1.0,화장품,2015-01-01
2016,11.0,_제거,t,1.0,화장품,2016-01-01
2017,17.0,_제거,t,11.0,화장품,2017-01-01
2018,15.0,_제거,t,17.0,화장품,2018-01-01
2019,61.0,_제거,t,15.0,화장품,2019-01-01
2020,113.0,_제거,t,61.0,화장품,2020-01-01
2021,15.0,_제거,t,113.0,화장품,2021-01-01
2007,0.0,_파운데이션,t,,화장품,2007-01-01
2008,0.0,_파운데이션,t,0.0,화장품,2008-01-01
2009,0.0,_파운데이션,t,0.0,화장품,2009-01-01
2010,0.0,_파운데이션,t,0.0,화장품,2010-01-01
2011,2.0,_파운데이션,t,0.0,화장품,2011-01-01
2012,1.0,_파운데이션,t,2.0,화장품,2012-01-01
2013,0.0,_파운데이션,t,1.0,화장품,2013-01-01
2014,2.0,_파운데이션,t,0.0,화장품,2014-01-01
2015,2.0,_파운데이션,t,2.0,화장품,2015-01-01
2016,21.0,_파운데이션,t,2.0,화장품,2016-01-01
2017,33.0,_파운데이션,t,21.0,화장품,2017-01-01
2018,62.0,_파운데이션,t,33.0,화장품,2018-01-01
2019,64.0,_파운데이션,t,62.0,화장품,2019-01-01
2020,50.0,_파운데이션,t,64.0,화장품,2020-01-01
2021,1.0,_파운데이션,t,50.0,화장품,2021-01-01
2007,0.0,_클렌징,t,,화장품,2007-01-01
2008,0.0,_클렌징,t,0.0,화장품,2008-01-01
2009,0.0,_클렌징,t,0.0,화장품,2009-01-01
2010,0.0,_클렌징,t,0.0,화장품,2010-01-01
2011,0.0,_클렌징,t,0.0,화장품,2011-01-01
2012,0.0,_클렌징,t,0.0,화장품,2012-01-01
2013,0.0,_클렌징,t,0.0,화장품,2013-01-01
2014,1.0,_클렌징,t,0.0,화장품,2014-01-01
2015,1.0,_클렌징,t,1.0,화장품,2015-01-01
2016,19.0,_클렌징,t,1.0,화장품,2016-01-01
2017,31.0,_클렌징,t,19.0,화장품,2017-01-01
2018,33.0,_클렌징,t,31.0,화장품,2018-01-01
2019,65.0,_클렌징,t,33.0,화장품,2019-01-01
2020,62.0,_클렌징,t,65.0,화장품,2020-01-01
2021,16.0,_클렌징,t,62.0,화장품,2021-01-01
2007,0.0,_빨강,t,,화장품,2007-01-01
2008,0.0,_빨강,t,0.0,화장품,2008-01-01
2009,0.0,_빨강,t,0.0,화장품,2009-01-01
2010,0.0,_빨강,t,0.0,화장품,2010-01-01
2011,0.0,_빨강,t,0.0,화장품,2011-01-01
2012,0.0,_빨강,t,0.0,화장품,2012-01-01
2013,0.0,_빨강,t,0.0,화장품,2013-01-01
2014,0.0,_빨강,t,0.0,화장품,2014-01-01
2015,0.0,_빨강,t,0.0,화장품,2015-01-01
2016,1.0,_빨강,t,0.0,화장품,2016-01-01
2017,0.0,_빨강,t,1.0,화장품,2017-01-01
2018,0.0,_빨강,t,0.0,화장품,2018-01-01
2019,1.0,_빨강,t,0.0,화장품,2019-01-01
2020,176.0,_빨강,t,1.0,화장품,2020-01-01
2021,70.0,_빨강,t,176.0,화장품,2021-01-01
2007,0.0,_가을,t,,화장품,2007-01-01
2008,0.0,_가을,t,0.0,화장품,2008-01-01
2009,0.0,_가을,t,0.0,화장품,2009-01-01
2010,0.0,_가을,t,0.0,화장품,2010-01-01
2011,0.0,_가을,t,0.0,화장품,2011-01-01
2012,0.0,_가을,t,0.0,화장품,2012-01-01
2013,0.0,_가을,t,0.0,화장품,2013-01-01
2014,4.0,_가을,t,0.0,화장품,2014-01-01
2015,7.0,_가을,t,4.0,화장품,2015-01-01
2016,18.0,_가을,t,7.0,화장품,2016-01-01
2017,29.0,_가을,t,18.0,화장품,2017-01-01
2018,56.0,_가을,t,29.0,화장품,2018-01-01
2019,73.0,_가을,t,56.0,화장품,2019-01-01
2020,57.0,_가을,t,73.0,화장품,2020-01-01
2021,1.0,_가을,t,57.0,화장품,2021-01-01
2007,0.0,_섀도우,t,,화장품,2007-01-01
2008,0.0,_섀도우,t,0.0,화장품,2008-01-01
2009,0.0,_섀도우,t,0.0,화장품,2009-01-01
2010,0.0,_섀도우,t,0.0,화장품,2010-01-01
2011,0.0,_섀도우,t,0.0,화장품,2011-01-01
2012,0.0,_섀도우,t,0.0,화장품,2012-01-01
2013,1.0,_섀도우,t,0.0,화장품,2013-01-01
2014,3.0,_섀도우,t,1.0,화장품,2014-01-01
2015,8.0,_섀도우,t,3.0,화장품,2015-01-01
2016,24.0,_섀도우,t,8.0,화장품,2016-01-01
2017,60.0,_섀도우,t,24.0,화장품,2017-01-01
2018,43.0,_섀도우,t,60.0,화장품,2018-01-01
2019,38.0,_섀도우,t,43.0,화장품,2019-01-01
2020,23.0,_섀도우,t,38.0,화장품,2020-01-01
2021,5.0,_섀도우,t,23.0,화장품,2021-01-01
2007,0.0,_파우더,t,,화장품,2007-01-01
2008,0.0,_파우더,t,0.0,화장품,2008-01-01
2009,0.0,_파우더,t,0.0,화장품,2009-01-01
2010,0.0,_파우더,t,0.0,화장품,2010-01-01
2011,0.0,_파우더,t,0.0,화장품,2011-01-01
2012,1.0,_파우더,t,0.0,화장품,2012-01-01
2013,0.0,_파우더,t,1.0,화장품,2013-01-01
2014,0.0,_파우더,t,0.0,화장품,2014-01-01
2015,3.0,_파우더,t,0.0,화장품,2015-01-01
2016,24.0,_파우더,t,3.0,화장품,2016-01-01
2017,41.0,_파우더,t,24.0,화장품,2017-01-01
2018,34.0,_파우더,t,41.0,화장품,2018-01-01
2019,24.0,_파우더,t,34.0,화장품,2019-01-01
2020,27.0,_파우더,t,24.0,화장품,2020-01-01
2021,2.0,_파우더,t,27.0,화장품,2021-01-01
2007,0.0,_립스틱,t,,화장품,2007-01-01
2008,0.0,_립스틱,t,0.0,화장품,2008-01-01
2009,0.0,_립스틱,t,0.0,화장품,2009-01-01
2010,0.0,_립스틱,t,0.0,화장품,2010-01-01
2011,1.0,_립스틱,t,0.0,화장품,2011-01-01
2012,0.0,_립스틱,t,1.0,화장품,2012-01-01
2013,3.0,_립스틱,t,0.0,화장품,2013-01-01
2014,4.0,_립스틱,t,3.0,화장품,2014-01-01
2015,2.0,_립스틱,t,4.0,화장품,2015-01-01
2016,26.0,_립스틱,t,2.0,화장품,2016-01-01
2017,32.0,_립스틱,t,26.0,화장품,2017-01-01
2018,34.0,_립스틱,t,32.0,화장품,2018-01-01
2019,55.0,_립스틱,t,34.0,화장품,2019-01-01
2020,29.0,_립스틱,t,55.0,화장품,2020-01-01
2021,4.0,_립스틱,t,29.0,화장품,2021-01-01
2007,0.0,_코로나,t,,화장품,2007-01-01
2008,0.0,_코로나,t,0.0,화장품,2008-01-01
2009,0.0,_코로나,t,0.0,화장품,2009-01-01
2010,0.0,_코로나,t,0.0,화장품,2010-01-01
2011,0.0,_코로나,t,0.0,화장품,2011-01-01
2012,0.0,_코로나,t,0.0,화장품,2012-01-01
2013,0.0,_코로나,t,0.0,화장품,2013-01-01
2014,0.0,_코로나,t,0.0,화장품,2014-01-01
2015,0.0,_코로나,t,0.0,화장품,2015-01-01
2016,0.0,_코로나,t,0.0,화장품,2016-01-01
2017,0.0,_코로나,t,0.0,화장품,2017-01-01
2018,0.0,_코로나,t,0.0,화장품,2018-01-01
2019,0.0,_코로나,t,0.0,화장품,2019-01-01
2020,161.0,_코로나,t,0.0,화장품,2020-01-01
2021,23.0,_코로나,t,161.0,화장품,2021-01-01
2007,0.0,_성분,t,,화장품,2007-01-01
2008,0.0,_성분,t,0.0,화장품,2008-01-01
2009,0.0,_성분,t,0.0,화장품,2009-01-01
2010,0.0,_성분,t,0.0,화장품,2010-01-01
2011,0.0,_성분,t,0.0,화장품,2011-01-01
2012,0.0,_성분,t,0.0,화장품,2012-01-01
2013,0.0,_성분,t,0.0,화장품,2013-01-01
2014,0.0,_성분,t,0.0,화장품,2014-01-01
2015,0.0,_성분,t,0.0,화장품,2015-01-01
2016,23.0,_성분,t,0.0,화장품,2016-01-01
2017,46.0,_성분,t,23.0,화장품,2017-01-01
2018,26.0,_성분,t,46.0,화장품,2018-01-01
2019,42.0,_성분,t,26.0,화장품,2019-01-01
2020,39.0,_성분,t,42.0,화장품,2020-01-01
2021,7.0,_성분,t,39.0,화장품,2021-01-01
